{"assets":[{"id":"comp_0","layers":[{"ddd":0,"ind":0,"ty":4,"nm":"ears","ks":{"o":{"k":100},"r":{"k":0},"p":{"k":[400,300,0]},"a":{"k":[0,0,0]},"s":{"k":[100,100,100]}},"ao":0,"shapes":[{"ty":"gr","it":[{"ind":0,"ty":"sh","ks":{"k":[{"i":{"x":0.667,"y":1},"o":{"x":0.167,"y":0},"n":"0p667_1_0p167_0","t":3.92,"s":[{"i":[[0,0],[-16.306,-3.607],[0,0]],"o":[[0,0],[22.826,5.049],[0,0]],"v":[[12.23,69.189],[42.806,64.107],[68.398,77.723]],"c":false}],"e":[{"i":[[0,0],[-15.282,-17.254],[0,0]],"o":[[0,0],[15.5,17.5],[0,0]],"v":[[23.5,19],[55,29.5],[65,59]],"c":false}]},{"i":{"x":0.667,"y":1},"o":{"x":0.333,"y":0},"n":"0p667_1_0p333_0","t":4.9,"s":[{"i":[[0,0],[-15.282,-17.254],[0,0]],"o":[[0,0],[15.5,17.5],[0,0]],"v":[[23.5,19],[55,29.5],[65,59]],"c":false}],"e":[{"i":[[0,0],[-15.282,-17.254],[0,0]],"o":[[0,0],[15.5,17.5],[0,0]],"v":[[27,-167.25],[71,-168.25],[68.5,-127.25]],"c":false}]},{"i":{"x":0.833,"y":0.833},"o":{"x":0.333,"y":0},"n":"0p833_0p833_0p333_0","t":9.8,"s":[{"i":[[0,0],[-15.282,-17.254],[0,0]],"o":[[0,0],[15.5,17.5],[0,0]],"v":[[27,-167.25],[71,-168.25],[68.5,-127.25]],"c":false}],"e":[{"i":[[0,0],[-23.327,-5.155],[0,0]],"o":[[0,0],[19,4.199],[0,0]],"v":[[27.5,-123.699],[64.5,-160.199],[64,-86.699]],"c":false}]},{"i":{"x":0.833,"y":0.833},"o":{"x":0.167,"y":0.167},"n":"0p833_0p833_0p167_0p167","t":11.76,"s":[{"i":[[0,0],[-23.327,-5.155],[0,0]],"o":[[0,0],[19,4.199],[0,0]],"v":[[27.5,-123.699],[64.5,-160.199],[64,-86.699]],"c":false}],"e":[{"i":[[0,0],[-22.844,-7.1],[0,0]],"o":[[0,0],[18.656,8.4],[0,0]],"v":[[24.719,-86.806],[66.844,-116.9],[63.531,-52.618]],"c":false}]},{"i":{"x":0.833,"y":1},"o":{"x":0.167,"y":0.167},"n":"0p833_1_0p167_0p167","t":12.74,"s":[{"i":[[0,0],[-22.844,-7.1],[0,0]],"o":[[0,0],[18.656,8.4],[0,0]],"v":[[24.719,-86.806],[66.844,-116.9],[63.531,-52.618]],"c":false}],"e":[{"i":[[0,0],[-15.282,-17.254],[0,0]],"o":[[0,0],[15.5,17.5],[0,0]],"v":[[27,-75],[71,-76],[68.5,-35]],"c":false}]},{"i":{"x":0.833,"y":0.833},"o":{"x":0.167,"y":0},"n":"0p833_0p833_0p167_0","t":13.72,"s":[{"i":[[0,0],[-15.282,-17.254],[0,0]],"o":[[0,0],[15.5,17.5],[0,0]],"v":[[27,-75],[71,-76],[68.5,-35]],"c":false}],"e":[{"i":[[0,0],[-1.5,-17.877],[0,0]],"o":[[0,0],[1.955,23.295],[0,0]],"v":[[20.5,-93.123],[87.5,-66.623],[68.5,-55.123]],"c":false}]},{"i":{"x":0.667,"y":1},"o":{"x":0.167,"y":0.167},"n":"0p667_1_0p167_0p167","t":15.68,"s":[{"i":[[0,0],[-1.5,-17.877],[0,0]],"o":[[0,0],[1.955,23.295],[0,0]],"v":[[20.5,-93.123],[87.5,-66.623],[68.5,-55.123]],"c":false}],"e":[{"i":[[0,0],[-15.282,-17.254],[0,0]],"o":[[0,0],[15.5,17.5],[0,0]],"v":[[26,-117.25],[68.5,-135.75],[68.5,-79.75]],"c":false}]},{"i":{"x":0.833,"y":1},"o":{"x":0.333,"y":0},"n":"0p833_1_0p333_0","t":18.62,"s":[{"i":[[0,0],[-15.282,-17.254],[0,0]],"o":[[0,0],[15.5,17.5],[0,0]],"v":[[26,-117.25],[68.5,-135.75],[68.5,-79.75]],"c":false}],"e":[{"i":[[0,0],[-17,-18.75],[0,0]],"o":[[0,0],[17.949,19.797],[0,0]],"v":[[29.5,-115.25],[74.5,-116.75],[69,-71.75]],"c":false}]},{"i":{"x":0.833,"y":1},"o":{"x":0.167,"y":0},"n":"0p833_1_0p167_0","t":23.52,"s":[{"i":[[0,0],[-17,-18.75],[0,0]],"o":[[0,0],[17.949,19.797],[0,0]],"v":[[29.5,-115.25],[74.5,-116.75],[69,-71.75]],"c":false}],"e":[{"i":[[0,0],[-17,-18.75],[0,0]],"o":[[0,0],[17.949,19.797],[0,0]],"v":[[29.5,-115.25],[74.5,-116.75],[69,-71.75]],"c":false}]},{"i":{"x":0.833,"y":0.833},"o":{"x":0.167,"y":0},"n":"0p833_0p833_0p167_0","t":35.28,"s":[{"i":[[0,0],[-17,-18.75],[0,0]],"o":[[0,0],[17.949,19.797],[0,0]],"v":[[29.5,-115.25],[74.5,-116.75],[69,-71.75]],"c":false}],"e":[{"i":[[0,0],[-1.5,-17.877],[0,0]],"o":[[0,0],[1.955,23.296],[0,0]],"v":[[20.5,-169.123],[87.5,-142.623],[68.5,-131.123]],"c":false}]},{"i":{"x":0.667,"y":1},"o":{"x":0.167,"y":0.167},"n":"0p667_1_0p167_0p167","t":39.2,"s":[{"i":[[0,0],[-1.5,-17.877],[0,0]],"o":[[0,0],[1.955,23.296],[0,0]],"v":[[20.5,-169.123],[87.5,-142.623],[68.5,-131.123]],"c":false}],"e":[{"i":[[0,0],[-15.282,-17.254],[0,0]],"o":[[0,0],[15.5,17.5],[0,0]],"v":[[27,-167.25],[71,-168.25],[68.5,-127.25]],"c":false}]},{"i":{"x":0.667,"y":1},"o":{"x":0.167,"y":0},"n":"0p667_1_0p167_0","t":41.16,"s":[{"i":[[0,0],[-15.282,-17.254],[0,0]],"o":[[0,0],[15.5,17.5],[0,0]],"v":[[27,-167.25],[71,-168.25],[68.5,-127.25]],"c":false}],"e":[{"i":[[0,0],[-15.282,-17.254],[0,0]],"o":[[0,0],[15.5,17.5],[0,0]],"v":[[27,-166.25],[75,-164.25],[68.5,-126.25]],"c":false}]},{"i":{"x":0.667,"y":1},"o":{"x":0.167,"y":0},"n":"0p667_1_0p167_0","t":43.12,"s":[{"i":[[0,0],[-15.282,-17.254],[0,0]],"o":[[0,0],[15.5,17.5],[0,0]],"v":[[27,-166.25],[75,-164.25],[68.5,-126.25]],"c":false}],"e":[{"i":[[0,0],[-15.282,-17.254],[0,0]],"o":[[0,0],[15.5,17.5],[0,0]],"v":[[26,-103.25],[68.5,-141.75],[68.5,-65.75]],"c":false}]},{"i":{"x":0.833,"y":0.833},"o":{"x":0.333,"y":0},"n":"0p833_0p833_0p333_0","t":44.1,"s":[{"i":[[0,0],[-15.282,-17.254],[0,0]],"o":[[0,0],[15.5,17.5],[0,0]],"v":[[26,-103.25],[68.5,-141.75],[68.5,-65.75]],"c":false}],"e":[{"i":[[0,0],[-15.282,-17.254],[0,0]],"o":[[0,0],[15.5,17.5],[0,0]],"v":[[24.75,-23.125],[61.75,-53.125],[66.75,15.625]],"c":false}]},{"i":{"x":0.667,"y":1},"o":{"x":0.167,"y":0.167},"n":"0p667_1_0p167_0p167","t":45.08,"s":[{"i":[[0,0],[-15.282,-17.254],[0,0]],"o":[[0,0],[15.5,17.5],[0,0]],"v":[[24.75,-23.125],[61.75,-53.125],[66.75,15.625]],"c":false}],"e":[{"i":[[0,0],[-15.282,-17.254],[0,0]],"o":[[0,0],[15.5,17.5],[0,0]],"v":[[23.5,19],[55,29.5],[65,59]],"c":false}]},{"i":{"x":0.833,"y":1},"o":{"x":0.333,"y":0},"n":"0p833_1_0p333_0","t":46.06,"s":[{"i":[[0,0],[-15.282,-17.254],[0,0]],"o":[[0,0],[15.5,17.5],[0,0]],"v":[[23.5,19],[55,29.5],[65,59]],"c":false}],"e":[{"i":[[0,0],[-16.306,-3.607],[0,0]],"o":[[0,0],[22.826,5.049],[0,0]],"v":[[12.23,69.189],[42.806,64.107],[68.398,77.723]],"c":false}]},{"t":47.0400876953592}]},"nm":"Path 1","mn":"ADBE Vector Shape - Group"},{"ty":"fl","c":{"k":[1,1,1,1]},"o":{"k":100},"nm":"Fill 1","mn":"ADBE Vector Graphic - Fill"},{"ty":"tr","p":{"k":[0,0],"ix":2},"a":{"k":[0,0],"ix":1},"s":{"k":[100,100],"ix":3},"r":{"k":0,"ix":6},"o":{"k":100,"ix":7},"sk":{"k":0,"ix":4},"sa":{"k":0,"ix":5},"nm":"Transform"}],"nm":"Shape 2","np":3,"mn":"ADBE Vector Group"},{"ty":"gr","it":[{"ind":0,"ty":"sh","ks":{"k":[{"i":{"x":0.667,"y":1},"o":{"x":0.167,"y":0},"n":"0p667_1_0p167_0","t":3.92,"s":[{"i":[[0,0],[15.517,-3.088],[0,0]],"o":[[0,0],[-23.155,4.608],[0,0]],"v":[[-26.964,68.931],[-50.921,64.703],[-72.259,75.826]],"c":false}],"e":[{"i":[[0,0],[12,-13.5],[0,0]],"o":[[0,0],[-17.907,20.145],[0,0]],"v":[[-35,21],[-63.5,31.5],[-70,59.5]],"c":false}]},{"i":{"x":0.667,"y":1},"o":{"x":0.333,"y":0},"n":"0p667_1_0p333_0","t":4.9,"s":[{"i":[[0,0],[12,-13.5],[0,0]],"o":[[0,0],[-17.907,20.145],[0,0]],"v":[[-35,21],[-63.5,31.5],[-70,59.5]],"c":false}],"e":[{"i":[[0,0],[17.5,-20],[0,0]],"o":[[0,0],[-17.749,20.285],[0,0]],"v":[[-34.75,-166],[-76.75,-168.5],[-69.75,-127.5]],"c":false}]},{"i":{"x":0.833,"y":0.833},"o":{"x":0.333,"y":0},"n":"0p833_0p833_0p333_0","t":9.8,"s":[{"i":[[0,0],[17.5,-20],[0,0]],"o":[[0,0],[-17.749,20.285],[0,0]],"v":[[-34.75,-166],[-76.75,-168.5],[-69.75,-127.5]],"c":false}],"e":[{"i":[[0,0],[23.75,-13.551],[0,0]],"o":[[0,0],[-23.411,13.357],[0,0]],"v":[[-32.25,-119.949],[-70.75,-159.949],[-67.25,-84.449]],"c":false}]},{"i":{"x":0.833,"y":0.833},"o":{"x":0.167,"y":0.167},"n":"0p833_0p833_0p167_0p167","t":11.76,"s":[{"i":[[0,0],[23.75,-13.551],[0,0]],"o":[[0,0],[-23.411,13.357],[0,0]],"v":[[-32.25,-119.949],[-70.75,-159.949],[-67.25,-84.449]],"c":false}],"e":[{"i":[[0,0],[22.625,-12.163],[0,0]],"o":[[0,0],[-17.375,10.837],[0,0]],"v":[[-31.656,-89.962],[-69.625,-117.337],[-65.656,-53.775]],"c":false}]},{"i":{"x":0.833,"y":1},"o":{"x":0.167,"y":0.167},"n":"0p833_1_0p167_0p167","t":12.74,"s":[{"i":[[0,0],[22.625,-12.163],[0,0]],"o":[[0,0],[-17.375,10.837],[0,0]],"v":[[-31.656,-89.962],[-69.625,-117.337],[-65.656,-53.775]],"c":false}],"e":[{"i":[[0,0],[17.5,-20],[0,0]],"o":[[0,0],[-17.749,20.285],[0,0]],"v":[[-34.75,-73.75],[-76.75,-76.25],[-69.75,-35.25]],"c":false}]},{"i":{"x":0.833,"y":0.833},"o":{"x":0.167,"y":0},"n":"0p833_0p833_0p167_0","t":13.72,"s":[{"i":[[0,0],[17.5,-20],[0,0]],"o":[[0,0],[-17.749,20.285],[0,0]],"v":[[-34.75,-73.75],[-76.75,-76.25],[-69.75,-35.25]],"c":false}],"e":[{"i":[[0,0],[1.25,-19.627],[0,0]],"o":[[0,0],[-1.374,21.581],[0,0]],"v":[[-23.75,-92.373],[-92.25,-62.873],[-67.25,-54.373]],"c":false}]},{"i":{"x":0.667,"y":1},"o":{"x":0.167,"y":0.167},"n":"0p667_1_0p167_0p167","t":15.68,"s":[{"i":[[0,0],[1.25,-19.627],[0,0]],"o":[[0,0],[-1.374,21.581],[0,0]],"v":[[-23.75,-92.373],[-92.25,-62.873],[-67.25,-54.373]],"c":false}],"e":[{"i":[[0,0],[15.75,-21.5],[0,0]],"o":[[0,0],[-15.928,21.744],[0,0]],"v":[[-33.75,-115.5],[-74.75,-134.5],[-69.75,-80]],"c":false}]},{"i":{"x":0.833,"y":1},"o":{"x":0.333,"y":0},"n":"0p833_1_0p333_0","t":18.62,"s":[{"i":[[0,0],[15.75,-21.5],[0,0]],"o":[[0,0],[-15.928,21.744],[0,0]],"v":[[-33.75,-115.5],[-74.75,-134.5],[-69.75,-80]],"c":false}],"e":[{"i":[[0,0],[16.361,-20.942],[0,0]],"o":[[0,0],[-18.75,24],[0,0]],"v":[[-32.75,-115],[-77.75,-114],[-70.75,-71.5]],"c":false}]},{"i":{"x":0.833,"y":1},"o":{"x":0.167,"y":0},"n":"0p833_1_0p167_0","t":23.52,"s":[{"i":[[0,0],[16.361,-20.942],[0,0]],"o":[[0,0],[-18.75,24],[0,0]],"v":[[-32.75,-115],[-77.75,-114],[-70.75,-71.5]],"c":false}],"e":[{"i":[[0,0],[16.361,-20.942],[0,0]],"o":[[0,0],[-18.75,24],[0,0]],"v":[[-32.75,-115],[-77.75,-114],[-70.75,-71.5]],"c":false}]},{"i":{"x":0.833,"y":0.833},"o":{"x":0.167,"y":0},"n":"0p833_0p833_0p167_0","t":35.28,"s":[{"i":[[0,0],[16.361,-20.942],[0,0]],"o":[[0,0],[-18.75,24],[0,0]],"v":[[-32.75,-115],[-77.75,-114],[-70.75,-71.5]],"c":false}],"e":[{"i":[[0,0],[1.25,-19.627],[0,0]],"o":[[0,0],[-1.374,21.581],[0,0]],"v":[[-23.75,-168.373],[-92.25,-138.873],[-67.25,-130.373]],"c":false}]},{"i":{"x":0.667,"y":1},"o":{"x":0.167,"y":0.167},"n":"0p667_1_0p167_0p167","t":39.2,"s":[{"i":[[0,0],[1.25,-19.627],[0,0]],"o":[[0,0],[-1.374,21.581],[0,0]],"v":[[-23.75,-168.373],[-92.25,-138.873],[-67.25,-130.373]],"c":false}],"e":[{"i":[[0,0],[17.5,-20],[0,0]],"o":[[0,0],[-17.749,20.285],[0,0]],"v":[[-34.75,-163],[-76.75,-165.5],[-69.75,-124.5]],"c":false}]},{"i":{"x":0.667,"y":1},"o":{"x":0.167,"y":0},"n":"0p667_1_0p167_0","t":41.16,"s":[{"i":[[0,0],[17.5,-20],[0,0]],"o":[[0,0],[-17.749,20.285],[0,0]],"v":[[-34.75,-163],[-76.75,-165.5],[-69.75,-124.5]],"c":false}],"e":[{"i":[[0,0],[17.5,-20],[0,0]],"o":[[0,0],[-17.749,20.285],[0,0]],"v":[[-34.75,-163],[-78.75,-162.5],[-69.75,-125.5]],"c":false}]},{"i":{"x":0.667,"y":1},"o":{"x":0.167,"y":0},"n":"0p667_1_0p167_0","t":43.12,"s":[{"i":[[0,0],[17.5,-20],[0,0]],"o":[[0,0],[-17.749,20.285],[0,0]],"v":[[-34.75,-163],[-78.75,-162.5],[-69.75,-125.5]],"c":false}],"e":[{"i":[[0,0],[15.75,-21.5],[0,0]],"o":[[0,0],[-15.928,21.744],[0,0]],"v":[[-33.75,-101.5],[-74.75,-140.5],[-69.75,-66]],"c":false}]},{"i":{"x":0.833,"y":0.833},"o":{"x":0.333,"y":0},"n":"0p833_0p833_0p333_0","t":44.1,"s":[{"i":[[0,0],[15.75,-21.5],[0,0]],"o":[[0,0],[-15.928,21.744],[0,0]],"v":[[-33.75,-101.5],[-74.75,-140.5],[-69.75,-66]],"c":false}],"e":[{"i":[[0,0],[13.875,-17.5],[0,0]],"o":[[0,0],[-16.918,20.945],[0,0]],"v":[[-34.375,-21.25],[-69.125,-51.5],[-69.875,15.75]],"c":false}]},{"i":{"x":0.667,"y":1},"o":{"x":0.167,"y":0.167},"n":"0p667_1_0p167_0p167","t":45.08,"s":[{"i":[[0,0],[13.875,-17.5],[0,0]],"o":[[0,0],[-16.918,20.945],[0,0]],"v":[[-34.375,-21.25],[-69.125,-51.5],[-69.875,15.75]],"c":false}],"e":[{"i":[[0,0],[10.894,-14.408],[0,0]],"o":[[0,0],[-15.5,20.5],[0,0]],"v":[[-35,21],[-62.5,33.5],[-70,64.5]],"c":false}]},{"i":{"x":0.833,"y":1},"o":{"x":0.333,"y":0},"n":"0p833_1_0p333_0","t":46.06,"s":[{"i":[[0,0],[10.894,-14.408],[0,0]],"o":[[0,0],[-15.5,20.5],[0,0]],"v":[[-35,21],[-62.5,33.5],[-70,64.5]],"c":false}],"e":[{"i":[[0,0],[15.517,-3.088],[0,0]],"o":[[0,0],[-23.155,4.608],[0,0]],"v":[[-26.964,68.931],[-50.921,64.703],[-72.259,75.826]],"c":false}]},{"t":47.0400876953592}]},"nm":"Path 1","mn":"ADBE Vector Shape - Group"},{"ty":"fl","c":{"k":[1,1,1,1]},"o":{"k":100},"nm":"Fill 1","mn":"ADBE Vector Graphic - Fill"},{"ty":"tr","p":{"k":[0,0],"ix":2},"a":{"k":[0,0],"ix":1},"s":{"k":[100,100],"ix":3},"r":{"k":0,"ix":6},"o":{"k":100,"ix":7},"sk":{"k":0,"ix":4},"sa":{"k":0,"ix":5},"nm":"Transform"}],"nm":"Shape 1","np":3,"mn":"ADBE Vector Group"}],"ip":3.92001914071846,"op":47.0402296886215,"st":1.96000957035923,"bm":0,"sr":1},{"ddd":0,"ind":1,"ty":4,"nm":"Shape Layer 3","ks":{"o":{"k":100},"r":{"k":0},"p":{"k":[404,276,0]},"a":{"k":[0,0,0]},"s":{"k":[100,100,100]}},"ao":0,"shapes":[{"ty":"gr","it":[{"ind":0,"ty":"sh","ks":{"k":[{"i":{"x":0.667,"y":1},"o":{"x":0.333,"y":0},"n":"0p667_1_0p333_0","t":4.9,"s":[{"i":[[7.299,0.06],[0,-0.844],[-6.615,0],[0,0.746]],"o":[[-7.865,-0.065],[0,0.817],[7.865,0],[0,-0.779]],"v":[[-7.723,84.806],[-21.065,86.591],[-8.565,88.343],[3.935,86.591]],"c":true}],"e":[{"i":[[9.05,0.266],[0,-3.72],[-8.202,0],[0,3.291]],"o":[[-9.753,-0.286],[0,3.602],[9.753,0],[0,-3.434]],"v":[[-4.455,-51.589],[-21,-43.72],[-5.5,-35.994],[10,-43.72]],"c":true}]},{"i":{"x":0.667,"y":1},"o":{"x":0.333,"y":0},"n":"0p667_1_0p333_0","t":9.8,"s":[{"i":[[9.05,0.266],[0,-3.72],[-8.202,0],[0,3.291]],"o":[[-9.753,-0.286],[0,3.602],[9.753,0],[0,-3.434]],"v":[[-4.455,-51.589],[-21,-43.72],[-5.5,-35.994],[10,-43.72]],"c":true}],"e":[{"i":[[9.05,0.266],[0,-3.72],[-8.202,0],[0,3.291]],"o":[[-9.753,-0.286],[0,3.602],[9.753,0],[0,-3.434]],"v":[[-4.455,30.569],[-21,38.438],[-5.5,46.164],[10,38.438]],"c":true}]},{"i":{"x":0.667,"y":1},"o":{"x":0.333,"y":0},"n":"0p667_1_0p333_0","t":13.72,"s":[{"i":[[9.05,0.266],[0,-3.72],[-8.202,0],[0,3.291]],"o":[[-9.753,-0.286],[0,3.602],[9.753,0],[0,-3.434]],"v":[[-4.455,30.569],[-21,38.438],[-5.5,46.164],[10,38.438]],"c":true}],"e":[{"i":[[9.05,0.266],[0,-3.72],[-8.202,0],[0,3.291]],"o":[[-9.753,-0.286],[0,3.602],[9.753,0],[0,-3.434]],"v":[[-4.455,-16.714],[-21,-8.845],[-5.5,-1.119],[10,-8.845]],"c":true}]},{"i":{"x":0.667,"y":1},"o":{"x":0.167,"y":0},"n":"0p667_1_0p167_0","t":18.62,"s":[{"i":[[9.05,0.266],[0,-3.72],[-8.202,0],[0,3.291]],"o":[[-9.753,-0.286],[0,3.602],[9.753,0],[0,-3.434]],"v":[[-4.455,-16.714],[-21,-8.845],[-5.5,-1.119],[10,-8.845]],"c":true}],"e":[{"i":[[9.05,0.266],[0,-3.72],[-8.202,0],[0,3.291]],"o":[[-9.753,-0.286],[0,3.602],[9.753,0],[0,-3.434]],"v":[[-4.455,-7.714],[-21,0.155],[-5.5,7.881],[10,0.155]],"c":true}]},{"i":{"x":0.667,"y":1},"o":{"x":0.167,"y":0},"n":"0p667_1_0p167_0","t":23.52,"s":[{"i":[[9.05,0.266],[0,-3.72],[-8.202,0],[0,3.291]],"o":[[-9.753,-0.286],[0,3.602],[9.753,0],[0,-3.434]],"v":[[-4.455,-7.714],[-21,0.155],[-5.5,7.881],[10,0.155]],"c":true}],"e":[{"i":[[9.05,0.266],[0,-3.72],[-8.202,0],[0,3.291]],"o":[[-9.753,-0.286],[0,3.602],[9.753,0],[0,-3.434]],"v":[[-4.455,-7.714],[-21,0.155],[-5.5,7.881],[10,0.155]],"c":true}]},{"i":{"x":0.667,"y":1},"o":{"x":0.167,"y":0},"n":"0p667_1_0p167_0","t":35.28,"s":[{"i":[[9.05,0.266],[0,-3.72],[-8.202,0],[0,3.291]],"o":[[-9.753,-0.286],[0,3.602],[9.753,0],[0,-3.434]],"v":[[-4.455,-7.714],[-21,0.155],[-5.5,7.881],[10,0.155]],"c":true}],"e":[{"i":[[9.05,0.266],[0,-3.72],[-8.202,0],[0,3.291]],"o":[[-9.753,-0.286],[0,3.602],[9.753,0],[0,-3.434]],"v":[[-4.455,-51.589],[-21,-43.72],[-5.5,-35.994],[10,-43.72]],"c":true}]},{"i":{"x":0.667,"y":1},"o":{"x":0.333,"y":0},"n":"0p667_1_0p333_0","t":39.2,"s":[{"i":[[9.05,0.266],[0,-3.72],[-8.202,0],[0,3.291]],"o":[[-9.753,-0.286],[0,3.602],[9.753,0],[0,-3.434]],"v":[[-4.455,-51.589],[-21,-43.72],[-5.5,-35.994],[10,-43.72]],"c":true}],"e":[{"i":[[9.05,0.266],[0,-3.72],[-8.202,0],[0,3.291]],"o":[[-9.753,-0.286],[0,3.602],[9.753,0],[0,-3.434]],"v":[[-4.455,-51.589],[-21,-43.72],[-5.5,-35.994],[10,-43.72]],"c":true}]},{"i":{"x":0.667,"y":1},"o":{"x":0.333,"y":0},"n":"0p667_1_0p333_0","t":43.12,"s":[{"i":[[9.05,0.266],[0,-3.72],[-8.202,0],[0,3.291]],"o":[[-9.753,-0.286],[0,3.602],[9.753,0],[0,-3.434]],"v":[[-4.455,-51.589],[-21,-43.72],[-5.5,-35.994],[10,-43.72]],"c":true}],"e":[{"i":[[7.299,0.06],[0,-0.844],[-6.615,0],[0,0.746]],"o":[[-7.865,-0.065],[0,0.817],[7.865,0],[0,-0.779]],"v":[[-7.723,84.806],[-21.065,86.591],[-8.565,88.343],[3.935,86.591]],"c":true}]},{"t":46.0601062774658}]},"nm":"Path 1","mn":"ADBE Vector Shape - Group"},{"ty":"fl","c":{"k":[0,0,0,1]},"o":{"k":100},"nm":"Fill 1","mn":"ADBE Vector Graphic - Fill"},{"ty":"tr","p":{"k":[1,3],"ix":2},"a":{"k":[0,0],"ix":1},"s":{"k":[128.019,128.019],"ix":3},"r":{"k":0,"ix":6},"o":{"k":100,"ix":7},"sk":{"k":0,"ix":4},"sa":{"k":0,"ix":5},"nm":"Transform"}],"nm":"Shape 2","np":3,"mn":"ADBE Vector Group"},{"ty":"gr","it":[{"ind":0,"ty":"sh","ks":{"k":[{"i":{"x":0.667,"y":1},"o":{"x":0.333,"y":0},"n":"0p667_1_0p333_0","t":4.9,"s":[{"i":[[20.954,0.21],[-1.483,-2.919],[-18.99,0],[-2.016,0.113]],"o":[[-22.581,-0.227],[0.403,0.794],[22.581,0],[9.49,-0.534]],"v":[[-6.549,105.227],[-44.856,111.464],[-9.775,117.5],[29.338,111.691]],"c":true}],"e":[{"i":[[25.983,0.928],[0,-13],[-23.548,0],[0,11.5]],"o":[[-28,-1],[0,12.59],[28,0],[0,-12]],"v":[[-3,-61],[-50.5,-33.5],[-6,-6.5],[38.5,-33.5]],"c":true}]},{"i":{"x":0.667,"y":1},"o":{"x":0.333,"y":0},"n":"0p667_1_0p333_0","t":9.8,"s":[{"i":[[25.983,0.928],[0,-13],[-23.548,0],[0,11.5]],"o":[[-28,-1],[0,12.59],[28,0],[0,-12]],"v":[[-3,-61],[-50.5,-33.5],[-6,-6.5],[38.5,-33.5]],"c":true}],"e":[{"i":[[25.983,0.928],[0,-13],[-23.548,0],[0,11.5]],"o":[[-28,-1],[0,12.59],[28,0],[0,-12]],"v":[[-3,9],[-50.5,36.5],[-6,63.5],[38.5,36.5]],"c":true}]},{"i":{"x":0.667,"y":1},"o":{"x":0.333,"y":0},"n":"0p667_1_0p333_0","t":13.72,"s":[{"i":[[25.983,0.928],[0,-13],[-23.548,0],[0,11.5]],"o":[[-28,-1],[0,12.59],[28,0],[0,-12]],"v":[[-3,9],[-50.5,36.5],[-6,63.5],[38.5,36.5]],"c":true}],"e":[{"i":[[25.983,0.928],[0,-13],[-23.548,0],[0,11.5]],"o":[[-28,-1],[0,12.59],[28,0],[0,-12]],"v":[[-3,-25],[-50.5,2.5],[-6,29.5],[38.5,2.5]],"c":true}]},{"i":{"x":0.667,"y":1},"o":{"x":0.167,"y":0},"n":"0p667_1_0p167_0","t":18.62,"s":[{"i":[[25.983,0.928],[0,-13],[-23.548,0],[0,11.5]],"o":[[-28,-1],[0,12.59],[28,0],[0,-12]],"v":[[-3,-25],[-50.5,2.5],[-6,29.5],[38.5,2.5]],"c":true}],"e":[{"i":[[25.983,0.928],[0,-13],[-23.548,0],[0,11.5]],"o":[[-28,-1],[0,12.59],[28,0],[0,-12]],"v":[[-3,-21],[-50.5,6.5],[-6,33.5],[38.5,6.5]],"c":true}]},{"i":{"x":0.667,"y":1},"o":{"x":0.167,"y":0},"n":"0p667_1_0p167_0","t":23.52,"s":[{"i":[[25.983,0.928],[0,-13],[-23.548,0],[0,11.5]],"o":[[-28,-1],[0,12.59],[28,0],[0,-12]],"v":[[-3,-21],[-50.5,6.5],[-6,33.5],[38.5,6.5]],"c":true}],"e":[{"i":[[25.983,0.928],[0,-13],[-23.548,0],[0,11.5]],"o":[[-28,-1],[0,12.59],[28,0],[0,-12]],"v":[[-3,-21],[-50.5,6.5],[-6,33.5],[38.5,6.5]],"c":true}]},{"i":{"x":0.667,"y":1},"o":{"x":0.167,"y":0},"n":"0p667_1_0p167_0","t":35.28,"s":[{"i":[[25.983,0.928],[0,-13],[-23.548,0],[0,11.5]],"o":[[-28,-1],[0,12.59],[28,0],[0,-12]],"v":[[-3,-21],[-50.5,6.5],[-6,33.5],[38.5,6.5]],"c":true}],"e":[{"i":[[25.983,0.928],[0,-13],[-23.548,0],[0,11.5]],"o":[[-28,-1],[0,12.59],[28,0],[0,-12]],"v":[[-3,-61],[-50.5,-33.5],[-6,-6.5],[38.5,-33.5]],"c":true}]},{"i":{"x":0.667,"y":1},"o":{"x":0.333,"y":0},"n":"0p667_1_0p333_0","t":39.2,"s":[{"i":[[25.983,0.928],[0,-13],[-23.548,0],[0,11.5]],"o":[[-28,-1],[0,12.59],[28,0],[0,-12]],"v":[[-3,-61],[-50.5,-33.5],[-6,-6.5],[38.5,-33.5]],"c":true}],"e":[{"i":[[25.983,0.928],[0,-13],[-23.548,0],[0,11.5]],"o":[[-28,-1],[0,12.59],[28,0],[0,-12]],"v":[[-3,-61],[-50.5,-33.5],[-6,-6.5],[38.5,-33.5]],"c":true}]},{"i":{"x":0.667,"y":1},"o":{"x":0.333,"y":0},"n":"0p667_1_0p333_0","t":43.12,"s":[{"i":[[25.983,0.928],[0,-13],[-23.548,0],[0,11.5]],"o":[[-28,-1],[0,12.59],[28,0],[0,-12]],"v":[[-3,-61],[-50.5,-33.5],[-6,-6.5],[38.5,-33.5]],"c":true}],"e":[{"i":[[20.954,0.21],[-1.483,-2.919],[-18.99,0],[-2.016,0.113]],"o":[[-22.581,-0.227],[0.403,0.794],[22.581,0],[9.49,-0.534]],"v":[[-6.549,105.227],[-44.856,111.464],[-9.775,117.5],[29.338,111.691]],"c":true}]},{"t":46.0601062774658}]},"nm":"Path 1","mn":"ADBE Vector Shape - Group"},{"ty":"fl","c":{"k":[0.91,0.8,0.8,1]},"o":{"k":100},"nm":"Fill 1","mn":"ADBE Vector Graphic - Fill"},{"ty":"tr","p":{"k":[0,0],"ix":2},"a":{"k":[0,0],"ix":1},"s":{"k":[100,100],"ix":3},"r":{"k":0,"ix":6},"o":{"k":100,"ix":7},"sk":{"k":0,"ix":4},"sa":{"k":0,"ix":5},"nm":"Transform"}],"nm":"Shape 1","np":3,"mn":"ADBE Vector Group"}],"ip":4.90002392589808,"op":47.0402296886215,"st":1.96000957035923,"bm":0,"sr":1},{"ddd":0,"ind":2,"ty":4,"nm":"Shape Layer 4","ks":{"o":{"k":100},"r":{"k":0},"p":{"k":[400,300,0]},"a":{"k":[0,0,0]},"s":{"k":[100,100,100]}},"ao":0,"shapes":[{"ty":"gr","it":[{"ind":0,"ty":"sh","ks":{"k":[{"i":{"x":0.667,"y":1},"o":{"x":0.333,"y":0},"n":"0p667_1_0p333_0","t":4.9,"s":[{"i":[[12.078,0.071],[2.597,-3.794],[-9.997,0.36],[3.258,4.47]],"o":[[-10.718,-0.063],[-4.673,6.827],[13.029,-0.469],[-1.66,-2.278]],"v":[[-41.578,76.929],[-49.327,54.673],[-42.029,81.469],[-30.258,55.03]],"c":true}],"e":[{"i":[[11.666,0.085],[2.299,-5.113],[-9.996,0.381],[2.627,6.086]],"o":[[-10.718,-0.082],[-4.048,7.667],[12.68,-0.48],[-1.311,-3.635]],"v":[[-41.841,-107.479],[-49.906,-124.775],[-42.687,-97.978],[-30.916,-124.418]],"c":true}]},{"i":{"x":0.667,"y":1},"o":{"x":0.333,"y":0},"n":"0p667_1_0p333_0","t":9.8,"s":[{"i":[[11.666,0.085],[2.299,-5.113],[-9.996,0.381],[2.627,6.086]],"o":[[-10.718,-0.082],[-4.048,7.667],[12.68,-0.48],[-1.311,-3.635]],"v":[[-41.841,-107.479],[-49.906,-124.775],[-42.687,-97.978],[-30.916,-124.418]],"c":true}],"e":[{"i":[[11.666,0.085],[2.299,-5.113],[-9.996,0.381],[2.627,6.086]],"o":[[-10.718,-0.082],[-4.048,7.667],[12.68,-0.48],[-1.311,-3.635]],"v":[[-41.841,-62.479],[-49.906,-79.775],[-42.687,-52.978],[-30.916,-79.418]],"c":true}]},{"i":{"x":0.667,"y":1},"o":{"x":0.333,"y":0},"n":"0p667_1_0p333_0","t":11.76,"s":[{"i":[[11.666,0.085],[2.299,-5.113],[-9.996,0.381],[2.627,6.086]],"o":[[-10.718,-0.082],[-4.048,7.667],[12.68,-0.48],[-1.311,-3.635]],"v":[[-41.841,-62.479],[-49.906,-79.775],[-42.687,-52.978],[-30.916,-79.418]],"c":true}],"e":[{"i":[[9.468,0.081],[0.616,-12.151],[-9.987,0.573],[-0.621,14.709]],"o":[[-10.718,-0.092],[-0.616,12.151],[10.814,-0.621],[0.459,-10.876]],"v":[[-40.289,-57.835],[-49.836,-32.763],[-42.821,-6.022],[-31.264,-32.556]],"c":true}]},{"i":{"x":0.667,"y":1},"o":{"x":0.333,"y":0},"n":"0p667_1_0p333_0","t":13.72,"s":[{"i":[[9.468,0.081],[0.616,-12.151],[-9.987,0.573],[-0.621,14.709]],"o":[[-10.718,-0.092],[-0.616,12.151],[10.814,-0.621],[0.459,-10.876]],"v":[[-40.289,-57.835],[-49.836,-32.763],[-42.821,-6.022],[-31.264,-32.556]],"c":true}],"e":[{"i":[[9.463,-0.298],[0.129,-12.166],[-9.956,0.973],[-0.031,14.722]],"o":[[-10.713,0.337],[-0.129,12.166],[10.78,-1.053],[0.023,-10.885]],"v":[[-41.334,-101.625],[-49.869,-76.191],[-41.789,-49.752],[-31.304,-76.728]],"c":true}]},{"i":{"x":0.667,"y":1},"o":{"x":0.333,"y":0},"n":"0p667_1_0p333_0","t":18.62,"s":[{"i":[[9.463,-0.298],[0.129,-12.166],[-9.956,0.973],[-0.031,14.722]],"o":[[-10.713,0.337],[-0.129,12.166],[10.78,-1.053],[0.023,-10.885]],"v":[[-41.334,-101.625],[-49.869,-76.191],[-41.789,-49.752],[-31.304,-76.728]],"c":true}],"e":[{"i":[[9.467,0.158],[0.714,-12.145],[-9.992,0.492],[-0.74,14.704]],"o":[[-10.717,-0.179],[-0.714,12.145],[10.818,-0.533],[0.547,-10.872]],"v":[[-40.078,-90.321],[-49.827,-65.327],[-43.029,-38.531],[-31.258,-64.97]],"c":true}]},{"i":{"x":0.667,"y":1},"o":{"x":0.333,"y":0},"n":"0p667_1_0p333_0","t":23.52,"s":[{"i":[[9.467,0.158],[0.714,-12.145],[-9.992,0.492],[-0.74,14.704]],"o":[[-10.717,-0.179],[-0.714,12.145],[10.818,-0.533],[0.547,-10.872]],"v":[[-40.078,-90.321],[-49.827,-65.327],[-43.029,-38.531],[-31.258,-64.97]],"c":true}],"e":[{"i":[[9.467,0.158],[0.714,-12.145],[-9.992,0.492],[-0.74,14.704]],"o":[[-10.717,-0.179],[-0.714,12.145],[10.818,-0.533],[0.547,-10.872]],"v":[[-40.078,-90.321],[-49.827,-65.327],[-43.029,-38.531],[-31.258,-64.97]],"c":true}]},{"i":{"x":0.667,"y":1},"o":{"x":0.333,"y":0},"n":"0p667_1_0p333_0","t":35.28,"s":[{"i":[[9.467,0.158],[0.714,-12.145],[-9.992,0.492],[-0.74,14.704]],"o":[[-10.717,-0.179],[-0.714,12.145],[10.818,-0.533],[0.547,-10.872]],"v":[[-40.078,-90.321],[-49.827,-65.327],[-43.029,-38.531],[-31.258,-64.97]],"c":true}],"e":[{"i":[[11.666,0.085],[2.299,-5.113],[-9.996,0.381],[2.627,6.086]],"o":[[-10.718,-0.082],[-4.048,7.667],[12.68,-0.48],[-1.311,-3.635]],"v":[[-41.841,-107.479],[-49.906,-124.775],[-42.687,-97.978],[-30.916,-124.418]],"c":true}]},{"i":{"x":0.667,"y":1},"o":{"x":0.333,"y":0},"n":"0p667_1_0p333_0","t":39.2,"s":[{"i":[[11.666,0.085],[2.299,-5.113],[-9.996,0.381],[2.627,6.086]],"o":[[-10.718,-0.082],[-4.048,7.667],[12.68,-0.48],[-1.311,-3.635]],"v":[[-41.841,-107.479],[-49.906,-124.775],[-42.687,-97.978],[-30.916,-124.418]],"c":true}],"e":[{"i":[[11.666,0.085],[2.299,-5.113],[-9.996,0.381],[2.627,6.086]],"o":[[-10.718,-0.082],[-4.048,7.667],[12.68,-0.48],[-1.311,-3.635]],"v":[[-41.841,-107.479],[-49.906,-124.775],[-42.687,-97.978],[-30.916,-124.418]],"c":true}]},{"i":{"x":0.667,"y":1},"o":{"x":0.333,"y":0},"n":"0p667_1_0p333_0","t":43.12,"s":[{"i":[[11.666,0.085],[2.299,-5.113],[-9.996,0.381],[2.627,6.086]],"o":[[-10.718,-0.082],[-4.048,7.667],[12.68,-0.48],[-1.311,-3.635]],"v":[[-41.841,-107.479],[-49.906,-124.775],[-42.687,-97.978],[-30.916,-124.418]],"c":true}],"e":[{"i":[[12.078,0.071],[2.597,-3.794],[-9.997,0.36],[3.258,4.47]],"o":[[-10.718,-0.063],[-4.673,6.827],[13.029,-0.469],[-1.66,-2.278]],"v":[[-41.578,76.929],[-49.327,54.673],[-42.029,81.469],[-30.258,55.03]],"c":true}]},{"i":{"x":0.833,"y":1},"o":{"x":0.167,"y":0},"n":"0p833_1_0p167_0","t":46.06,"s":[{"i":[[12.078,0.071],[2.597,-3.794],[-9.997,0.36],[3.258,4.47]],"o":[[-10.718,-0.063],[-4.673,6.827],[13.029,-0.469],[-1.66,-2.278]],"v":[[-41.578,76.929],[-49.327,54.673],[-42.029,81.469],[-30.258,55.03]],"c":true}],"e":[{"i":[[12.078,0.071],[1.628,-4.3],[-10,-0.266],[3.258,4.47]],"o":[[-10.718,-0.063],[-1.923,5.077],[10.529,0.281],[-1.66,-2.278]],"v":[[-41.578,76.929],[-51.327,71.173],[-42.029,81.469],[-32.258,71.53]],"c":true}]},{"t":47.0000486328592}]},"nm":"Path 1","mn":"ADBE Vector Shape - Group"},{"ty":"fl","c":{"k":[0,0,0,1]},"o":{"k":100},"nm":"Fill 1","mn":"ADBE Vector Graphic - Fill"},{"ty":"tr","p":{"k":[81,0],"ix":2},"a":{"k":[0,0],"ix":1},"s":{"k":[100,100],"ix":3},"r":{"k":0,"ix":6},"o":{"k":100,"ix":7},"sk":{"k":0,"ix":4},"sa":{"k":0,"ix":5},"nm":"Transform"}],"nm":"Shape 2","np":3,"mn":"ADBE Vector Group"},{"ty":"gr","it":[{"ind":0,"ty":"sh","ks":{"k":[{"i":{"x":0.667,"y":1},"o":{"x":0.333,"y":0},"n":"0p667_1_0p333_0","t":4.9,"s":[{"i":[[12.078,-0.179],[1.327,-2.673],[-9.992,0.492],[6.427,13.245]],"o":[[-10.717,0.158],[-5.412,10.896],[10.818,-0.533],[-0.742,-1.53]],"v":[[-41.578,77.179],[-50.327,54.673],[-42.029,81.469],[-31.758,55.03]],"c":true}],"e":[{"i":[[11.666,-0.125],[1.231,-4.168],[-9.992,0.492],[5.295,13.476]],"o":[[-10.717,0.105],[-4.67,11.094],[10.818,-0.533],[-0.539,-3.005]],"v":[[-41.841,-107.019],[-50.985,-124.775],[-42.687,-97.978],[-32.416,-124.418]],"c":true}]},{"i":{"x":0.667,"y":1},"o":{"x":0.333,"y":0},"n":"0p667_1_0p333_0","t":9.8,"s":[{"i":[[11.666,-0.125],[1.231,-4.168],[-9.992,0.492],[5.295,13.476]],"o":[[-10.717,0.105],[-4.67,11.094],[10.818,-0.533],[-0.539,-3.005]],"v":[[-41.841,-107.019],[-50.985,-124.775],[-42.687,-97.978],[-32.416,-124.418]],"c":true}],"e":[{"i":[[11.666,-0.125],[1.231,-4.168],[-9.992,0.492],[5.295,13.476]],"o":[[-10.717,0.105],[-4.67,11.094],[10.818,-0.533],[-0.539,-3.005]],"v":[[-41.841,-62.019],[-50.985,-79.775],[-42.687,-52.978],[-32.416,-79.418]],"c":true}]},{"i":{"x":0.667,"y":1},"o":{"x":0.333,"y":0},"n":"0p667_1_0p333_0","t":11.76,"s":[{"i":[[11.666,-0.125],[1.231,-4.168],[-9.992,0.492],[5.295,13.476]],"o":[[-10.717,0.105],[-4.67,11.094],[10.818,-0.533],[-0.539,-3.005]],"v":[[-41.841,-62.019],[-50.985,-79.775],[-42.687,-52.978],[-32.416,-79.418]],"c":true}],"e":[{"i":[[9.468,0.077],[0.611,-12.151],[-9.987,0.577],[-0.615,14.71]],"o":[[-10.718,-0.088],[-0.611,12.151],[10.813,-0.625],[0.454,-10.876]],"v":[[-40.299,-57.835],[-51.336,-32.747],[-42.81,-6.021],[-32.764,-32.547]],"c":true}]},{"i":{"x":0.667,"y":1},"o":{"x":0.333,"y":0},"n":"0p667_1_0p333_0","t":13.72,"s":[{"i":[[9.468,0.077],[0.611,-12.151],[-9.987,0.577],[-0.615,14.71]],"o":[[-10.718,-0.088],[-0.611,12.151],[10.813,-0.625],[0.454,-10.876]],"v":[[-40.299,-57.835],[-51.336,-32.747],[-42.81,-6.021],[-32.764,-32.547]],"c":true}],"e":[{"i":[[9.463,0.292],[0.887,-12.134],[-9.998,0.35],[-0.948,14.692]],"o":[[-10.713,-0.331],[-0.887,12.134],[10.825,-0.379],[0.701,-10.863]],"v":[[-39.708,-101.544],[-51.311,-76.712],[-43.394,-49.8],[-32.749,-76.092]],"c":true}]},{"i":{"x":0.667,"y":1},"o":{"x":0.333,"y":0},"n":"0p667_1_0p333_0","t":18.62,"s":[{"i":[[9.463,0.292],[0.887,-12.134],[-9.998,0.35],[-0.948,14.692]],"o":[[-10.713,-0.331],[-0.887,12.134],[10.825,-0.379],[0.701,-10.863]],"v":[[-39.708,-101.544],[-51.311,-76.712],[-43.394,-49.8],[-32.749,-76.092]],"c":true}],"e":[{"i":[[9.467,0.158],[0.714,-12.145],[-9.992,0.492],[-0.74,14.704]],"o":[[-10.717,-0.179],[-0.714,12.145],[10.818,-0.533],[0.547,-10.872]],"v":[[-40.078,-90.321],[-51.327,-65.327],[-43.029,-38.531],[-32.758,-64.97]],"c":true}]},{"i":{"x":0.667,"y":1},"o":{"x":0.333,"y":0},"n":"0p667_1_0p333_0","t":23.52,"s":[{"i":[[9.467,0.158],[0.714,-12.145],[-9.992,0.492],[-0.74,14.704]],"o":[[-10.717,-0.179],[-0.714,12.145],[10.818,-0.533],[0.547,-10.872]],"v":[[-40.078,-90.321],[-51.327,-65.327],[-43.029,-38.531],[-32.758,-64.97]],"c":true}],"e":[{"i":[[9.467,0.158],[0.714,-12.145],[-9.992,0.492],[-0.74,14.704]],"o":[[-10.717,-0.179],[-0.714,12.145],[10.818,-0.533],[0.547,-10.872]],"v":[[-40.078,-90.321],[-51.327,-65.327],[-43.029,-38.531],[-32.758,-64.97]],"c":true}]},{"i":{"x":0.667,"y":1},"o":{"x":0.333,"y":0},"n":"0p667_1_0p333_0","t":35.28,"s":[{"i":[[9.467,0.158],[0.714,-12.145],[-9.992,0.492],[-0.74,14.704]],"o":[[-10.717,-0.179],[-0.714,12.145],[10.818,-0.533],[0.547,-10.872]],"v":[[-40.078,-90.321],[-51.327,-65.327],[-43.029,-38.531],[-32.758,-64.97]],"c":true}],"e":[{"i":[[11.666,-0.125],[1.231,-4.168],[-9.992,0.492],[5.295,13.476]],"o":[[-10.717,0.105],[-4.67,11.094],[10.818,-0.533],[-0.539,-3.005]],"v":[[-41.841,-107.019],[-50.985,-124.775],[-42.687,-97.978],[-32.416,-124.418]],"c":true}]},{"i":{"x":0.667,"y":1},"o":{"x":0.333,"y":0},"n":"0p667_1_0p333_0","t":39.2,"s":[{"i":[[11.666,-0.125],[1.231,-4.168],[-9.992,0.492],[5.295,13.476]],"o":[[-10.717,0.105],[-4.67,11.094],[10.818,-0.533],[-0.539,-3.005]],"v":[[-41.841,-107.019],[-50.985,-124.775],[-42.687,-97.978],[-32.416,-124.418]],"c":true}],"e":[{"i":[[11.666,-0.125],[1.231,-4.168],[-9.992,0.492],[5.295,13.476]],"o":[[-10.717,0.105],[-4.67,11.094],[10.818,-0.533],[-0.539,-3.005]],"v":[[-41.841,-107.019],[-50.985,-124.775],[-42.687,-97.978],[-32.416,-124.418]],"c":true}]},{"i":{"x":0.667,"y":1},"o":{"x":0.333,"y":0},"n":"0p667_1_0p333_0","t":43.12,"s":[{"i":[[11.666,-0.125],[1.231,-4.168],[-9.992,0.492],[5.295,13.476]],"o":[[-10.717,0.105],[-4.67,11.094],[10.818,-0.533],[-0.539,-3.005]],"v":[[-41.841,-107.019],[-50.985,-124.775],[-42.687,-97.978],[-32.416,-124.418]],"c":true}],"e":[{"i":[[12.078,-0.179],[1.327,-2.673],[-9.992,0.492],[6.427,13.245]],"o":[[-10.717,0.158],[-5.412,10.896],[10.818,-0.533],[-0.742,-1.53]],"v":[[-41.578,77.179],[-50.327,54.673],[-42.029,81.469],[-31.758,55.03]],"c":true}]},{"i":{"x":0.833,"y":1},"o":{"x":0.167,"y":0},"n":"0p833_1_0p167_0","t":46.06,"s":[{"i":[[12.078,-0.179],[1.327,-2.673],[-9.992,0.492],[6.427,13.245]],"o":[[-10.717,0.158],[-5.412,10.896],[10.818,-0.533],[-0.742,-1.53]],"v":[[-41.578,77.179],[-50.327,54.673],[-42.029,81.469],[-31.758,55.03]],"c":true}],"e":[{"i":[[12.078,-0.179],[0.622,-2.918],[-9.221,0.281],[1.508,4.72]],"o":[[-10.717,0.158],[-0.923,4.327],[10.826,-0.329],[-0.517,-1.62]],"v":[[-41.578,77.179],[-52.327,71.173],[-42.029,81.469],[-33.758,71.53]],"c":true}]},{"t":47.0000486328592}]},"nm":"Path 1","mn":"ADBE Vector Shape - Group"},{"ty":"fl","c":{"k":[0,0,0,1]},"o":{"k":100},"nm":"Fill 1","mn":"ADBE Vector Graphic - Fill"},{"ty":"tr","p":{"k":[0,0],"ix":2},"a":{"k":[0,0],"ix":1},"s":{"k":[100,100],"ix":3},"r":{"k":0,"ix":6},"o":{"k":100,"ix":7},"sk":{"k":0,"ix":4},"sa":{"k":0,"ix":5},"nm":"Transform"}],"nm":"Shape 1","np":3,"mn":"ADBE Vector Group"}],"ip":4.90002392589808,"op":48,"st":1.96000957035923,"bm":0,"sr":1},{"ddd":0,"ind":3,"ty":4,"nm":"Shape Layer 1","ks":{"o":{"k":100},"r":{"k":0},"p":{"k":[400,300,0]},"a":{"k":[0,0,0]},"s":{"k":[100,100,100]}},"ao":0,"shapes":[{"ty":"gr","it":[{"ind":0,"ty":"sh","ks":{"k":[{"i":{"x":0.667,"y":1},"o":{"x":0.333,"y":0},"n":"0p667_1_0p333_0","t":3.92,"s":[{"i":[[45,0],[0.346,-0.78],[0,0],[-49.358,-0.881],[0,0],[2.074,2.455]],"o":[[-44,0],[-1.18,4.366],[0,0],[56,1],[0,0],[-2.45,-2.899]],"v":[[-3,67.5],[-73.346,74.28],[-75,77],[-7,93],[69,78],[68.95,76.399]],"c":true}],"e":[{"i":[[58.513,0.791],[3.65,-16.514],[0,0],[-49.358,-0.881],[0,0],[0.489,3.176]],"o":[[-58.388,-0.789],[-0.976,4.416],[0,0],[56,1],[0,0],[-2.288,-14.858]],"v":[[-1,15],[-73.846,69.78],[-75,77],[-7,93],[69,78],[68.45,72.899]],"c":true}]},{"i":{"x":0.667,"y":1},"o":{"x":0.333,"y":0},"n":"0p667_1_0p333_0","t":4.9,"s":[{"i":[[58.513,0.791],[3.65,-16.514],[0,0],[-49.358,-0.881],[0,0],[0.489,3.176]],"o":[[-58.388,-0.789],[-0.976,4.416],[0,0],[56,1],[0,0],[-2.288,-14.858]],"v":[[-1,15],[-73.846,69.78],[-75,77],[-7,93],[69,78],[68.45,72.899]],"c":true}],"e":[{"i":[[45.446,0.614],[2.749,-32.654],[0,0],[-49.358,-0.881],[0,0],[0.902,29.387]],"o":[[-44.209,-0.597],[-2.727,32.394],[0,0],[56,1],[0,0],[-1.123,-36.612]],"v":[[1,-171],[-71.749,-115.346],[-76,77],[-7,93],[69,78],[70.098,-112.387]],"c":true}]},{"i":{"x":0.667,"y":1},"o":{"x":0.333,"y":0},"n":"0p667_1_0p333_0","t":9.8,"s":[{"i":[[45.446,0.614],[2.749,-32.654],[0,0],[-49.358,-0.881],[0,0],[0.902,29.387]],"o":[[-44.209,-0.597],[-2.727,32.394],[0,0],[56,1],[0,0],[-1.123,-36.612]],"v":[[1,-171],[-71.749,-115.346],[-76,77],[-7,93],[69,78],[70.098,-112.387]],"c":true}],"e":[{"i":[[45.446,0.614],[2.749,-32.654],[0,0],[-49.358,-0.881],[0,0],[0.902,29.387]],"o":[[-44.209,-0.597],[-2.727,32.394],[0,0],[56,1],[0,0],[-1.123,-36.612]],"v":[[1,-81],[-71.749,-25.346],[-76,77],[-7,93],[69,78],[70.098,-22.387]],"c":true}]},{"i":{"x":0.667,"y":1},"o":{"x":0.333,"y":0},"n":"0p667_1_0p333_0","t":13.72,"s":[{"i":[[45.446,0.614],[2.749,-32.654],[0,0],[-49.358,-0.881],[0,0],[0.902,29.387]],"o":[[-44.209,-0.597],[-2.727,32.394],[0,0],[56,1],[0,0],[-1.123,-36.612]],"v":[[1,-81],[-71.749,-25.346],[-76,77],[-7,93],[69,78],[70.098,-22.387]],"c":true}],"e":[{"i":[[45.446,0.614],[2.749,-32.654],[0,0],[-49.358,-0.881],[0,0],[0.902,29.387]],"o":[[-44.209,-0.597],[-2.727,32.394],[0,0],[56,1],[0,0],[-1.123,-36.612]],"v":[[1,-124],[-71.749,-68.346],[-76,77],[-7,93],[69,78],[70.098,-65.387]],"c":true}]},{"i":{"x":0.667,"y":1},"o":{"x":0.167,"y":0},"n":"0p667_1_0p167_0","t":18.62,"s":[{"i":[[45.446,0.614],[2.749,-32.654],[0,0],[-49.358,-0.881],[0,0],[0.902,29.387]],"o":[[-44.209,-0.597],[-2.727,32.394],[0,0],[56,1],[0,0],[-1.123,-36.612]],"v":[[1,-124],[-71.749,-68.346],[-76,77],[-7,93],[69,78],[70.098,-65.387]],"c":true}],"e":[{"i":[[45.446,0.614],[2.749,-32.654],[0,0],[-49.358,-0.881],[0,0],[0.902,29.387]],"o":[[-44.209,-0.597],[-2.727,32.394],[0,0],[56,1],[0,0],[-1.123,-36.612]],"v":[[1,-121],[-71.749,-65.346],[-76,77],[-7,93],[69,78],[70.098,-62.387]],"c":true}]},{"i":{"x":0.667,"y":1},"o":{"x":0.167,"y":0},"n":"0p667_1_0p167_0","t":23.52,"s":[{"i":[[45.446,0.614],[2.749,-32.654],[0,0],[-49.358,-0.881],[0,0],[0.902,29.387]],"o":[[-44.209,-0.597],[-2.727,32.394],[0,0],[56,1],[0,0],[-1.123,-36.612]],"v":[[1,-121],[-71.749,-65.346],[-76,77],[-7,93],[69,78],[70.098,-62.387]],"c":true}],"e":[{"i":[[45.446,0.614],[2.749,-32.654],[0,0],[-49.358,-0.881],[0,0],[0.902,29.387]],"o":[[-44.209,-0.597],[-2.727,32.394],[0,0],[56,1],[0,0],[-1.123,-36.612]],"v":[[1,-121],[-71.749,-65.346],[-76,77],[-7,93],[69,78],[70.098,-62.387]],"c":true}]},{"i":{"x":0.667,"y":1},"o":{"x":0.167,"y":0},"n":"0p667_1_0p167_0","t":35.28,"s":[{"i":[[45.446,0.614],[2.749,-32.654],[0,0],[-49.358,-0.881],[0,0],[0.902,29.387]],"o":[[-44.209,-0.597],[-2.727,32.394],[0,0],[56,1],[0,0],[-1.123,-36.612]],"v":[[1,-121],[-71.749,-65.346],[-76,77],[-7,93],[69,78],[70.098,-62.387]],"c":true}],"e":[{"i":[[45.446,0.614],[2.749,-32.654],[0,0],[-49.358,-0.881],[0,0],[0.902,29.387]],"o":[[-44.209,-0.597],[-2.727,32.394],[0,0],[56,1],[0,0],[-1.123,-36.612]],"v":[[1,-171],[-71.749,-115.346],[-76,77],[-7,93],[69,78],[70.098,-112.387]],"c":true}]},{"i":{"x":0.667,"y":1},"o":{"x":0.333,"y":0},"n":"0p667_1_0p333_0","t":39.2,"s":[{"i":[[45.446,0.614],[2.749,-32.654],[0,0],[-49.358,-0.881],[0,0],[0.902,29.387]],"o":[[-44.209,-0.597],[-2.727,32.394],[0,0],[56,1],[0,0],[-1.123,-36.612]],"v":[[1,-171],[-71.749,-115.346],[-76,77],[-7,93],[69,78],[70.098,-112.387]],"c":true}],"e":[{"i":[[45.446,0.614],[2.749,-32.654],[0,0],[-49.358,-0.881],[0,0],[0.902,29.387]],"o":[[-44.209,-0.597],[-2.727,32.394],[0,0],[56,1],[0,0],[-1.123,-36.612]],"v":[[1,-171],[-71.749,-115.346],[-76,77],[-7,93],[69,78],[70.098,-112.387]],"c":true}]},{"i":{"x":0.667,"y":1},"o":{"x":0.333,"y":0},"n":"0p667_1_0p333_0","t":43.12,"s":[{"i":[[45.446,0.614],[2.749,-32.654],[0,0],[-49.358,-0.881],[0,0],[0.902,29.387]],"o":[[-44.209,-0.597],[-2.727,32.394],[0,0],[56,1],[0,0],[-1.123,-36.612]],"v":[[1,-171],[-71.749,-115.346],[-76,77],[-7,93],[69,78],[70.098,-112.387]],"c":true}],"e":[{"i":[[58.513,0.791],[3.65,-16.514],[0,0],[-49.358,-0.881],[0,0],[0.489,3.176]],"o":[[-58.388,-0.789],[-0.976,4.416],[0,0],[56,1],[0,0],[-2.288,-14.858]],"v":[[-1,15],[-73.846,69.78],[-75,77],[-7,93],[69,78],[68.45,72.899]],"c":true}]},{"i":{"x":0.667,"y":1},"o":{"x":0.333,"y":0},"n":"0p667_1_0p333_0","t":46.06,"s":[{"i":[[58.513,0.791],[3.65,-16.514],[0,0],[-49.358,-0.881],[0,0],[0.489,3.176]],"o":[[-58.388,-0.789],[-0.976,4.416],[0,0],[56,1],[0,0],[-2.288,-14.858]],"v":[[-1,15],[-73.846,69.78],[-75,77],[-7,93],[69,78],[68.45,72.899]],"c":true}],"e":[{"i":[[45,0],[0.346,-0.78],[0,0],[-49.358,-0.881],[0,0],[2.074,2.455]],"o":[[-44,0],[-1.18,4.366],[0,0],[56,1],[0,0],[-2.45,-2.899]],"v":[[-3,67.5],[-73.346,74.28],[-75,77],[-7,93],[69,78],[68.95,76.399]],"c":true}]},{"t":47.0000486328592}]},"nm":"Path 1","mn":"ADBE Vector Shape - Group"},{"ty":"fl","c":{"k":[1,1,1,1]},"o":{"k":100},"nm":"Fill 1","mn":"ADBE Vector Graphic - Fill"},{"ty":"tr","p":{"k":[0,0],"ix":2},"a":{"k":[0,0],"ix":1},"s":{"k":[100,100],"ix":3},"r":{"k":0,"ix":6},"o":{"k":100,"ix":7},"sk":{"k":0,"ix":4},"sa":{"k":0,"ix":5},"nm":"Transform"}],"nm":"Shape 1","np":3,"mn":"ADBE Vector Group"}],"ip":3.92001914071846,"op":47.0402296886215,"st":1.96000957035923,"bm":0,"sr":1},{"ddd":0,"ind":4,"ty":4,"nm":"Shape Layer 5","ks":{"o":{"k":100},"r":{"k":0},"p":{"k":[345,346,0]},"a":{"k":[0,0,0]},"s":{"k":[100,100,100]}},"ao":0,"shapes":[{"ty":"gr","it":[{"d":1,"ty":"el","s":{"k":[{"i":{"x":[0.667,0.667],"y":[1,1]},"o":{"x":[0.167,0.167],"y":[0.167,0.167]},"n":["0p667_1_0p167_0p167","0p667_1_0p167_0p167"],"t":0,"s":[0,0],"e":[191,14]},{"i":{"x":[0.667,0.667],"y":[0.667,0.667]},"o":{"x":[0.333,0.333],"y":[0.333,0.333]},"n":["0p667_0p667_0p333_0p333","0p667_0p667_0p333_0p333"],"t":3.92,"s":[191,14],"e":[191,14]},{"i":{"x":[0.667,0.667],"y":[1,1]},"o":{"x":[0.167,0.167],"y":[0.167,0.167]},"n":["0p667_1_0p167_0p167","0p667_1_0p167_0p167"],"t":47.04,"s":[191,14],"e":[0,0]},{"t":50.96044921875}]},"p":{"k":[0,0]},"nm":"Ellipse Path 1","mn":"ADBE Vector Shape - Ellipse"},{"ty":"fl","c":{"k":[0,0,0,1]},"o":{"k":100},"nm":"Fill 1","mn":"ADBE Vector Graphic - Fill"},{"ty":"tr","p":{"k":[52,34.5],"ix":2},"a":{"k":[0,0],"ix":1},"s":{"k":[88.573,300],"ix":3},"r":{"k":0,"ix":6},"o":{"k":100,"ix":7},"sk":{"k":0,"ix":4},"sa":{"k":0,"ix":5},"nm":"Transform"}],"nm":"Ellipse 1","np":3,"mn":"ADBE Vector Group"}],"ip":0,"op":88.2004306661654,"st":0,"bm":0,"sr":1}]}],"layers":[{"ddd":0,"ind":0,"ty":0,"nm":"Bear","refId":"comp_0","ks":{"o":{"k":100},"r":{"k":0},"p":{"k":[202,199,0]},"a":{"k":[400,300,0]},"s":{"k":[100,100,100]}},"ao":0,"w":800,"h":600,"ip":0,"op":88.2004306661654,"st":0,"bm":0,"sr":1}],"v":"4.5.4","ddd":0,"ip":0,"op":54,"fr":14,"w":400,"h":400}