{"assets":[],"layers":[{"ddd":0,"ind":0,"ty":4,"nm":"on Outlines 4","ks":{"o":{"k":100},"r":{"k":0},"p":{"k":[50.491,50.649,0]},"a":{"k":[82.782,82.782,0]},"s":{"k":[100,100,100]}},"ao":0,"shapes":[{"ty":"gr","it":[{"ind":0,"ty":"sh","ks":{"k":{"i":[[0,-13.667],[13.667,0],[0,13.667],[-13.668,0]],"o":[[0,13.667],[-13.668,0],[0,-13.667],[13.667,0]],"v":[[24.747,0],[0,24.747],[-24.747,0],[0,-24.747]],"c":true}},"nm":"Path 1","mn":"ADBE Vector Shape - Group"},{"ty":"st","c":{"k":[0,0,0,1]},"o":{"k":100},"w":{"k":[{"i":{"x":[0.667],"y":[1]},"o":{"x":[0.167],"y":[0.167]},"n":["0p667_1_0p167_0p167"],"t":7,"s":[0],"e":[5.897]},{"t":11}]},"lc":1,"lj":1,"ml":10,"nm":"Stroke 1","mn":"ADBE Vector Graphic - Stroke"},{"ty":"tr","p":{"k":[82.782,82.782],"ix":2},"a":{"k":[0,0],"ix":1},"s":{"k":[100,100],"ix":3},"r":{"k":0,"ix":6},"o":{"k":100,"ix":7},"sk":{"k":0,"ix":4},"sa":{"k":0,"ix":5},"nm":"Transform"}],"nm":"Group 1","np":3,"mn":"ADBE Vector Group"}],"ip":7,"op":251,"st":3,"bm":0,"sr":1},{"ddd":0,"ind":1,"ty":4,"nm":"drop 2","ks":{"o":{"k":100},"r":{"k":0},"p":{"k":[50.25,40.5,0]},"a":{"k":[0,0,0]},"s":{"k":[-102,102,100]}},"ao":0,"shapes":[{"ty":"gr","it":[{"ind":0,"ty":"sh","ks":{"k":[{"i":{"x":0.833,"y":1},"o":{"x":0.167,"y":0},"n":"0p833_1_0p167_0","t":15,"s":[{"i":[[0,0],[-0.591,0.395],[0.494,0.649],[0.431,-0.669]],"o":[[0,0],[0.578,-0.387],[-0.443,-0.582],[-0.498,0.774]],"v":[[4.598,17.637],[6.159,16.364],[7.255,14.731],[5.493,15.624]],"c":true}],"e":[{"i":[[0,0],[-2.021,0.717],[0.962,2.263],[1.755,-1.636]],"o":[[0,0],[1.976,-0.701],[-0.863,-2.029],[-2.028,1.891]],"v":[[9.003,8.426],[14.508,5.863],[18.921,1.904],[13.112,3.207]],"c":true}]},{"i":{"x":0.833,"y":1},"o":{"x":0.167,"y":0},"n":"0p833_1_0p167_0","t":17,"s":[{"i":[[0,0],[-2.021,0.717],[0.962,2.263],[1.755,-1.636]],"o":[[0,0],[1.976,-0.701],[-0.863,-2.029],[-2.028,1.891]],"v":[[9.003,8.426],[14.508,5.863],[18.921,1.904],[13.112,3.207]],"c":true}],"e":[{"i":[[0,0],[-2.143,0.052],[-0.995,2.248],[2.177,-1.007]],"o":[[0,0],[2.096,-0.051],[0.826,-1.864],[-2.517,1.165]],"v":[[12.939,1.969],[18.298,1.687],[23.613,0.447],[17.799,-1.272]],"c":true}]},{"i":{"x":0.833,"y":1},"o":{"x":0.167,"y":0},"n":"0p833_1_0p167_0","t":19,"s":[{"i":[[0,0],[-2.143,0.052],[-0.995,2.248],[2.177,-1.007]],"o":[[0,0],[2.096,-0.051],[0.826,-1.864],[-2.517,1.165]],"v":[[12.939,1.969],[18.298,1.687],[23.613,0.447],[17.799,-1.272]],"c":true}],"e":[{"i":[[0,0],[-1.289,-1.083],[-0.846,0.277],[2.321,0.342]],"o":[[0,0],[1.1,0.925],[0.664,-0.215],[-2.209,-0.326]],"v":[[19.103,-0.285],[22.65,2.2],[25.961,3.59],[23.054,0.033]],"c":true}]},{"i":{"x":0.833,"y":1},"o":{"x":0.167,"y":0},"n":"0p833_1_0p167_0","t":21,"s":[{"i":[[0,0],[-1.289,-1.083],[-0.846,0.277],[2.321,0.342]],"o":[[0,0],[1.1,0.925],[0.664,-0.215],[-2.209,-0.326]],"v":[[19.103,-0.285],[22.65,2.2],[25.961,3.59],[23.054,0.033]],"c":true}],"e":[{"i":[[0,0],[-0.514,-0.432],[-0.337,0.11],[0.926,0.136]],"o":[[0,0],[0.439,0.369],[0.265,-0.086],[-0.881,-0.13]],"v":[[23.625,2.211],[25.04,3.202],[26.36,3.756],[25.201,2.338]],"c":true}]},{"t":22}]},"nm":"Path 1","mn":"ADBE Vector Shape - Group"},{"ty":"fl","c":{"k":[0,0.72,0.2,1]},"o":{"k":100},"nm":"Fill 1","mn":"ADBE Vector Graphic - Fill"},{"ty":"tr","p":{"k":[0,0],"ix":2},"a":{"k":[0,0],"ix":1},"s":{"k":[100,100],"ix":3},"r":{"k":0,"ix":6},"o":{"k":100,"ix":7},"sk":{"k":0,"ix":4},"sa":{"k":0,"ix":5},"nm":"Transform"}],"nm":"Shape 1","np":3,"mn":"ADBE Vector Group"}],"ip":15,"op":22,"st":9,"bm":0,"sr":1},{"ddd":0,"ind":2,"ty":4,"nm":"drop","ks":{"o":{"k":100},"r":{"k":0},"p":{"k":[50,48,0]},"a":{"k":[0,0,0]},"s":{"k":[100,100,100]}},"ao":0,"shapes":[{"ty":"gr","it":[{"ind":0,"ty":"sh","ks":{"k":[{"i":{"x":0.833,"y":1},"o":{"x":0.167,"y":0},"n":"0p833_1_0p167_0","t":14,"s":[{"i":[[0,0],[-0.591,0.395],[0.494,0.649],[0.431,-0.669]],"o":[[0,0],[0.578,-0.387],[-0.443,-0.582],[-0.498,0.774]],"v":[[4.598,17.637],[6.159,16.364],[7.255,14.731],[5.493,15.624]],"c":true}],"e":[{"i":[[0,0],[-2.021,0.717],[0.962,2.263],[1.755,-1.636]],"o":[[0,0],[1.976,-0.701],[-0.863,-2.029],[-2.028,1.891]],"v":[[9.003,8.426],[14.508,5.863],[18.921,1.904],[13.112,3.207]],"c":true}]},{"i":{"x":0.833,"y":1},"o":{"x":0.167,"y":0},"n":"0p833_1_0p167_0","t":16,"s":[{"i":[[0,0],[-2.021,0.717],[0.962,2.263],[1.755,-1.636]],"o":[[0,0],[1.976,-0.701],[-0.863,-2.029],[-2.028,1.891]],"v":[[9.003,8.426],[14.508,5.863],[18.921,1.904],[13.112,3.207]],"c":true}],"e":[{"i":[[0,0],[-2.143,0.052],[-0.995,2.248],[2.177,-1.007]],"o":[[0,0],[2.096,-0.051],[0.826,-1.864],[-2.517,1.165]],"v":[[12.939,1.969],[18.298,1.687],[23.613,0.447],[17.799,-1.272]],"c":true}]},{"i":{"x":0.833,"y":1},"o":{"x":0.167,"y":0},"n":"0p833_1_0p167_0","t":18,"s":[{"i":[[0,0],[-2.143,0.052],[-0.995,2.248],[2.177,-1.007]],"o":[[0,0],[2.096,-0.051],[0.826,-1.864],[-2.517,1.165]],"v":[[12.939,1.969],[18.298,1.687],[23.613,0.447],[17.799,-1.272]],"c":true}],"e":[{"i":[[0,0],[-1.289,-1.083],[-0.846,0.277],[2.321,0.342]],"o":[[0,0],[1.1,0.925],[0.664,-0.215],[-2.209,-0.326]],"v":[[19.103,-0.285],[22.65,2.2],[25.961,3.59],[23.054,0.033]],"c":true}]},{"i":{"x":0.833,"y":1},"o":{"x":0.167,"y":0},"n":"0p833_1_0p167_0","t":20,"s":[{"i":[[0,0],[-1.289,-1.083],[-0.846,0.277],[2.321,0.342]],"o":[[0,0],[1.1,0.925],[0.664,-0.215],[-2.209,-0.326]],"v":[[19.103,-0.285],[22.65,2.2],[25.961,3.59],[23.054,0.033]],"c":true}],"e":[{"i":[[0,0],[-0.514,-0.432],[-0.337,0.11],[0.926,0.136]],"o":[[0,0],[0.439,0.369],[0.265,-0.086],[-0.881,-0.13]],"v":[[23.625,2.211],[25.04,3.202],[26.36,3.756],[25.201,2.338]],"c":true}]},{"t":21}]},"nm":"Path 1","mn":"ADBE Vector Shape - Group"},{"ty":"fl","c":{"k":[0,0.72,0.2,1]},"o":{"k":100},"nm":"Fill 1","mn":"ADBE Vector Graphic - Fill"},{"ty":"tr","p":{"k":[0,0],"ix":2},"a":{"k":[0,0],"ix":1},"s":{"k":[100,100],"ix":3},"r":{"k":0,"ix":6},"o":{"k":100,"ix":7},"sk":{"k":0,"ix":4},"sa":{"k":0,"ix":5},"nm":"Transform"}],"nm":"Shape 1","np":3,"mn":"ADBE Vector Group"}],"ip":14,"op":21,"st":8,"bm":0,"sr":1},{"ddd":0,"ind":3,"ty":4,"nm":"liquid","ks":{"o":{"k":100},"r":{"k":0},"p":{"k":[50,50,0]},"a":{"k":[0,0,0]},"s":{"k":[100,100,100]}},"ao":0,"shapes":[{"ty":"gr","it":[{"ind":0,"ty":"sh","ks":{"k":[{"i":{"x":0.833,"y":0.833},"o":{"x":0.167,"y":0.167},"n":"0p833_0p833_0p167_0p167","t":8,"s":[{"i":[[0,0],[0,-1.521],[-2.5,-0.25],[0,1.75],[0,0]],"o":[[0,0],[0,2.25],[3.272,0.327],[0,-0.5],[0,0]],"v":[[-3.25,-23.75],[-3.25,-22.75],[0,-21.5],[2.5,-22.75],[2.5,-24]],"c":true}],"e":[{"i":[[0,0],[-2.697,-0.49],[-2.875,-0.125],[-0.25,4.625],[0,0]],"o":[[0,0],[2.75,0.5],[2.033,0.088],[0.101,-1.872],[0,0]],"v":[[-3.25,-23.75],[-2.625,-13.375],[1.125,-5.75],[3.5,-14.625],[2.5,-24]],"c":true}]},{"i":{"x":0.833,"y":0.833},"o":{"x":0.167,"y":0.167},"n":"0p833_0p833_0p167_0p167","t":10,"s":[{"i":[[0,0],[-2.697,-0.49],[-2.875,-0.125],[-0.25,4.625],[0,0]],"o":[[0,0],[2.75,0.5],[2.033,0.088],[0.101,-1.872],[0,0]],"v":[[-3.25,-23.75],[-2.625,-13.375],[1.125,-5.75],[3.5,-14.625],[2.5,-24]],"c":true}],"e":[{"i":[[0,0],[-2.988,-0.618],[-2.875,-0.125],[0.125,9.5],[0,0]],"o":[[0,0],[3.625,0.75],[2.033,0.088],[-0.159,-12.064],[0,0]],"v":[[-3.25,-23.75],[-3.125,4.625],[1,15.75],[3.25,-0.75],[2.5,-24]],"c":true}]},{"i":{"x":0.667,"y":1},"o":{"x":0.167,"y":0.167},"n":"0p667_1_0p167_0p167","t":11,"s":[{"i":[[0,0],[-2.988,-0.618],[-2.875,-0.125],[0.125,9.5],[0,0]],"o":[[0,0],[3.625,0.75],[2.033,0.088],[-0.159,-12.064],[0,0]],"v":[[-3.25,-23.75],[-3.125,4.625],[1,15.75],[3.25,-0.75],[2.5,-24]],"c":true}],"e":[{"i":[[0,0],[0.778,-12.141],[-4.75,0.25],[1.45,13.925],[0,0]],"o":[[0,0],[-1.25,19.5],[5.092,-0.268],[-1.25,-12],[0,0]],"v":[[-3.25,-23.75],[-3.75,-1.5],[-0.5,22.5],[3.25,-0.75],[2.5,-24]],"c":true}]},{"i":{"x":0.833,"y":0.833},"o":{"x":0.333,"y":0},"n":"0p833_0p833_0p333_0","t":14,"s":[{"i":[[0,0],[0.778,-12.141],[-4.75,0.25],[1.45,13.925],[0,0]],"o":[[0,0],[-1.25,19.5],[5.092,-0.268],[-1.25,-12],[0,0]],"v":[[-3.25,-23.75],[-3.75,-1.5],[-0.5,22.5],[3.25,-0.75],[2.5,-24]],"c":true}],"e":[{"i":[[0,0],[3.014,-11.32],[-4.75,0.25],[-1.488,13.603],[0,0]],"o":[[0,0],[-4.994,18.489],[5.092,-0.268],[1.25,-11.625],[0,0]],"v":[[-3.25,-23.75],[-3.75,-1.5],[-0.5,22.5],[3.25,-0.75],[2.5,-24]],"c":true}]},{"i":{"x":0.833,"y":0.833},"o":{"x":0.167,"y":0.167},"n":"0p833_0p833_0p167_0p167","t":22,"s":[{"i":[[0,0],[3.014,-11.32],[-4.75,0.25],[-1.488,13.603],[0,0]],"o":[[0,0],[-4.994,18.489],[5.092,-0.268],[1.25,-11.625],[0,0]],"v":[[-3.25,-23.75],[-3.75,-1.5],[-0.5,22.5],[3.25,-0.75],[2.5,-24]],"c":true}],"e":[{"i":[[0,0],[-0.67,-9.696],[-4.75,0.25],[2.318,13.483],[0,0]],"o":[[0,0],[1.818,18.816],[5.092,-0.268],[-2.25,-12.412],[0,0]],"v":[[-3.25,-23.75],[-3.75,-1.5],[-0.5,22.5],[3.25,-0.75],[2.5,-24]],"c":true}]},{"i":{"x":0.667,"y":1},"o":{"x":0.167,"y":0.167},"n":"0p667_1_0p167_0p167","t":31,"s":[{"i":[[0,0],[-0.67,-9.696],[-4.75,0.25],[2.318,13.483],[0,0]],"o":[[0,0],[1.818,18.816],[5.092,-0.268],[-2.25,-12.412],[0,0]],"v":[[-3.25,-23.75],[-3.75,-1.5],[-0.5,22.5],[3.25,-0.75],[2.5,-24]],"c":true}],"e":[{"i":[[0,0],[0.778,-12.141],[-4.75,0.25],[1.45,13.925],[0,0]],"o":[[0,0],[-1.25,19.5],[5.092,-0.268],[-1.25,-12],[0,0]],"v":[[-3.25,-23.75],[-3.75,-1.5],[-0.5,22.5],[3.25,-0.75],[2.5,-24]],"c":true}]},{"t":40}]},"nm":"Path 1","mn":"ADBE Vector Shape - Group"},{"ty":"fl","c":{"k":[0,0.72,0.2,1]},"o":{"k":100},"nm":"Fill 1","mn":"ADBE Vector Graphic - Fill"},{"ty":"tr","p":{"k":[0,0],"ix":2},"a":{"k":[0,0],"ix":1},"s":{"k":[100,100],"ix":3},"r":{"k":0,"ix":6},"o":{"k":100,"ix":7},"sk":{"k":0,"ix":4},"sa":{"k":0,"ix":5},"nm":"Transform"}],"nm":"Shape 1","np":3,"mn":"ADBE Vector Group"}],"ip":8,"op":43,"st":8,"bm":0,"sr":1},{"ddd":0,"ind":4,"ty":4,"nm":"liquid_circle","ks":{"o":{"k":100},"r":{"k":0},"p":{"k":[50.491,50.649,0]},"a":{"k":[82.782,82.782,0]},"s":{"k":[100,100,100]}},"ao":0,"shapes":[{"ty":"gr","it":[{"ind":0,"ty":"sh","ks":{"k":[{"i":{"x":0.833,"y":0.833},"o":{"x":0.167,"y":0.167},"n":"0p833_0p833_0p167_0p167","t":12,"s":[{"i":[[0.262,-0.399],[13.667,0],[-0.994,3.101],[-15.253,0.51]],"o":[[-0.238,6.601],[-13.668,0],[1.049,-3.273],[19.509,-0.652]],"v":[[21.747,10.5],[0,24.747],[-22.747,11.25],[-4,24.003]],"c":true}],"e":[{"i":[[0.283,-0.385],[13.649,0.709],[-1.472,7.272],[-12.875,-8.195]],"o":[[-0.58,6.58],[-13.65,-0.709],[0.682,-3.368],[8.733,5.558]],"v":[[22.002,10.887],[-0.454,24.737],[-20.71,9.17],[-1.933,13.903]],"c":true}]},{"i":{"x":0.833,"y":0.833},"o":{"x":0.167,"y":0.167},"n":"0p833_0p833_0p167_0p167","t":16,"s":[{"i":[[0.283,-0.385],[13.649,0.709],[-1.472,7.272],[-12.875,-8.195]],"o":[[-0.58,6.58],[-13.65,-0.709],[0.682,-3.368],[8.733,5.558]],"v":[[22.002,10.887],[-0.454,24.737],[-20.71,9.17],[-1.933,13.903]],"c":true}],"e":[{"i":[[-0.936,-7.848],[13.51,-2.069],[3.421,4.462],[-11.996,6.551]],"o":[[1.619,13.571],[-13.511,2.069],[-0.397,0.669],[10.045,-5.486]],"v":[[23.929,-1.573],[2.758,24.919],[-23.459,10.994],[6.021,6.989]],"c":true}]},{"i":{"x":0.833,"y":0.833},"o":{"x":0.167,"y":0.167},"n":"0p833_0p833_0p167_0p167","t":22,"s":[{"i":[[-0.936,-7.848],[13.51,-2.069],[3.421,4.462],[-11.996,6.551]],"o":[[1.619,13.571],[-13.511,2.069],[-0.397,0.669],[10.045,-5.486]],"v":[[23.929,-1.573],[2.758,24.919],[-23.459,10.994],[6.021,6.989]],"c":true}],"e":[{"i":[[-0.861,-7.326],[13.532,-1.773],[3.089,5.771],[-12.17,5.116]],"o":[[1.578,13.575],[-13.533,1.773],[-0.394,-0.097],[11.769,-3.866]],"v":[[24.085,-3.257],[2.364,24.894],[-23.582,7.96],[4.573,3.719]],"c":true}]},{"i":{"x":0.833,"y":0.833},"o":{"x":0.167,"y":0.167},"n":"0p833_0p833_0p167_0p167","t":24,"s":[{"i":[[-0.861,-7.326],[13.532,-1.773],[3.089,5.771],[-12.17,5.116]],"o":[[1.578,13.575],[-13.533,1.773],[-0.394,-0.097],[11.769,-3.866]],"v":[[24.085,-3.257],[2.364,24.894],[-23.582,7.96],[4.573,3.719]],"c":true}],"e":[{"i":[[0.32,-4.202],[13.462,2.358],[-1.273,13.608],[-12.412,-5.722]],"o":[[-1.037,13.628],[-13.463,-2.358],[0.439,-4.688],[20.777,9.579]],"v":[[25.997,3.931],[-2.807,23.359],[-21.934,-8.406],[-2.265,-3.599]],"c":true}]},{"i":{"x":0.833,"y":0.833},"o":{"x":0.167,"y":0.167},"n":"0p833_0p833_0p167_0p167","t":30,"s":[{"i":[[0.32,-4.202],[13.462,2.358],[-1.273,13.608],[-12.412,-5.722]],"o":[[-1.037,13.628],[-13.463,-2.358],[0.439,-4.688],[20.777,9.579]],"v":[[25.997,3.931],[-2.807,23.359],[-21.934,-8.406],[-2.265,-3.599]],"c":true}],"e":[{"i":[[0.32,-4.202],[13.462,2.358],[-1.273,13.608],[-12.412,-5.722]],"o":[[-1.037,13.628],[-13.463,-2.358],[0.439,-4.688],[20.777,9.579]],"v":[[25.997,3.931],[-5.807,25.359],[-21.934,-11.406],[-2.265,-6.599]],"c":true}]},{"i":{"x":0.833,"y":0.833},"o":{"x":0.167,"y":0.167},"n":"0p833_0p833_0p167_0p167","t":33,"s":[{"i":[[0.32,-4.202],[13.462,2.358],[-1.273,13.608],[-12.412,-5.722]],"o":[[-1.037,13.628],[-13.463,-2.358],[0.439,-4.688],[20.777,9.579]],"v":[[25.997,3.931],[-5.807,25.359],[-21.934,-11.406],[-2.265,-6.599]],"c":true}],"e":[{"i":[[-0.238,1.151],[13.667,0],[-5.144,26.151],[-14.891,0.498]],"o":[[6.262,27.651],[-13.668,0],[0.356,-1.349],[20.109,-0.502]],"v":[[21.247,-14.8],[0,24.747],[-21.847,-13.3],[-1.6,-15.147]],"c":true}]},{"i":{"x":0.667,"y":1},"o":{"x":0.167,"y":0.167},"n":"0p667_1_0p167_0p167","t":38,"s":[{"i":[[-0.238,1.151],[13.667,0],[-5.144,26.151],[-14.891,0.498]],"o":[[6.262,27.651],[-13.668,0],[0.356,-1.349],[20.109,-0.502]],"v":[[21.247,-14.8],[0,24.747],[-21.847,-13.3],[-1.6,-15.147]],"c":true}],"e":[{"i":[[-0.238,-0.149],[13.667,0],[-17.244,27.351],[-13.668,-0.103]],"o":[[6.762,30.851],[-13.668,0],[1.469,-2.331],[13.009,0.098]],"v":[[22.747,-15],[0,24.747],[-17.747,-18.5],[1.5,-24.247]],"c":true}]},{"t":44}]},"nm":"Path 1","mn":"ADBE Vector Shape - Group"},{"ty":"fl","c":{"k":[0,0.72,0.2,1]},"o":{"k":100},"nm":"Fill 1","mn":"ADBE Vector Graphic - Fill"},{"ty":"tr","p":{"k":[82.782,82.782],"ix":2},"a":{"k":[0,0],"ix":1},"s":{"k":[100,100],"ix":3},"r":{"k":0,"ix":6},"o":{"k":100,"ix":7},"sk":{"k":0,"ix":4},"sa":{"k":0,"ix":5},"nm":"Transform"}],"nm":"Group 1","np":3,"mn":"ADBE Vector Group"}],"ip":12,"op":255,"st":7,"bm":0,"sr":1},{"ddd":0,"ind":6,"ty":4,"nm":"on Outlines 2","ks":{"o":{"k":100},"r":{"k":0},"p":{"k":[50.491,50.649,0]},"a":{"k":[82.782,82.782,0]},"s":{"k":[100,100,100]}},"ao":0,"shapes":[{"ty":"gr","it":[{"ind":0,"ty":"sh","ks":{"k":[{"i":{"x":0.833,"y":1},"o":{"x":0.167,"y":0.167},"n":"0p833_1_0p167_0p167","t":1,"s":[{"i":[[0,-0.389],[0.389,0],[0,0.389],[-0.389,0]],"o":[[0,0.389],[-0.389,0],[0,-0.389],[0.389,0]],"v":[[1.01,0.305],[0.305,1.01],[-0.399,0.305],[0.305,-0.399]],"c":true}],"e":[{"i":[[0,-18.58],[18.58,0],[0,18.58],[-18.58,0]],"o":[[0,18.58],[-18.58,0],[0,-18.58],[18.58,0]],"v":[[33.642,0],[0,33.642],[-33.642,0],[0,-33.642]],"c":true}]},{"t":7}]},"nm":"Path 1","mn":"ADBE Vector Shape - Group"},{"ty":"st","c":{"k":[0.42,0.41,0.42,1]},"o":{"k":100},"w":{"k":19.656},"lc":1,"lj":1,"ml":10,"nm":"Stroke 1","mn":"ADBE Vector Graphic - Stroke"},{"ty":"tr","p":{"k":[82.782,82.782],"ix":2},"a":{"k":[0,0],"ix":1},"s":{"k":[100,100],"ix":3},"r":{"k":0,"ix":6},"o":{"k":100,"ix":7},"sk":{"k":0,"ix":4},"sa":{"k":0,"ix":5},"nm":"Transform"}],"nm":"Group 2","np":2,"mn":"ADBE Vector Group"}],"ip":1,"op":242,"st":-6,"bm":0,"sr":1},{"ddd":0,"ind":12,"ty":4,"nm":"on Outlines 6","ks":{"o":{"k":100},"r":{"k":0},"p":{"k":[50.491,50.649,0]},"a":{"k":[82.782,82.782,0]},"s":{"k":[100,100,100]}},"ao":0,"shapes":[{"ty":"gr","it":[{"ind":0,"ty":"sh","ks":{"k":[{"i":{"x":0.833,"y":1},"o":{"x":0.167,"y":0.167},"n":"0p833_1_0p167_0p167","t":-14,"s":[{"i":[[0,-0.389],[0.389,0],[0,0.389],[-0.389,0]],"o":[[0,0.389],[-0.389,0],[0,-0.389],[0.389,0]],"v":[[1.01,0.305],[0.305,1.01],[-0.399,0.305],[0.305,-0.399]],"c":true}],"e":[{"i":[[0,-18.58],[18.58,0],[0,18.58],[-18.58,0]],"o":[[0,18.58],[-18.58,0],[0,-18.58],[18.58,0]],"v":[[33.642,0],[0,33.642],[-33.642,0],[0,-33.642]],"c":true}]},{"t":-8}]},"nm":"Path 1","mn":"ADBE Vector Shape - Group"},{"ty":"st","c":{"k":[0.26,0.26,0.26,1]},"o":{"k":100},"w":{"k":19.656},"lc":1,"lj":1,"ml":10,"nm":"Stroke 1","mn":"ADBE Vector Graphic - Stroke"},{"ty":"tr","p":{"k":[82.782,82.782],"ix":2},"a":{"k":[0,0],"ix":1},"s":{"k":[100,100],"ix":3},"r":{"k":0,"ix":6},"o":{"k":100,"ix":7},"sk":{"k":0,"ix":4},"sa":{"k":0,"ix":5},"nm":"Transform"}],"nm":"Group 2","np":2,"mn":"ADBE Vector Group"}],"ip":0,"op":7,"st":-21,"bm":0,"sr":1}],"v":"4.5.4","ddd":0,"ip":0,"op":57,"fr":30,"w":100,"h":100}