{"v":"4.5.5","fr":30,"ip":0,"op":63,"w":75,"h":44,"ddd":0,"assets":[],"layers":[{"ddd":0,"ind":0,"ty":4,"nm":"bar3","ks":{"o":{"a":0,"k":100},"r":{"a":0,"k":0},"p":{"a":0,"k":[30,35,0]},"a":{"a":0,"k":[0,0,0]},"s":{"a":0,"k":[100,100,100]}},"ao":0,"shapes":[{"ty":"gr","it":[{"ty":"rc","d":1,"s":{"a":0,"k":[6,20]},"p":{"a":0,"k":[0,-10]},"r":{"a":0,"k":0},"nm":"Rectangle Path 1","mn":"ADBE Vector Shape - Rect"},{"ty":"fl","c":{"a":0,"k":[0,0.72,0.26,1]},"o":{"a":0,"k":100},"nm":"Fill 1","mn":"ADBE Vector Graphic - Fill"},{"ty":"tr","p":{"a":0,"k":[0,0],"ix":2},"a":{"a":0,"k":[0,0],"ix":1},"s":{"a":1,"k":[{"i":{"x":[0.667,0.667],"y":[0.667,1]},"o":{"x":[0.951,0.99],"y":[0.951,0.009]},"n":["0p667_0p667_0p951_0p951","0p667_1_0p99_0p009"],"t":0,"s":[100,0],"e":[100,100]},{"i":{"x":[0.833,0.833],"y":[0.833,1]},"o":{"x":[0.333,0.333],"y":[0.333,0]},"n":["0p833_0p833_0p333_0p333","0p833_1_0p333_0"],"t":11,"s":[100,100],"e":[100,0]},{"t":21}],"ix":3},"r":{"a":0,"k":0,"ix":6},"o":{"a":0,"k":100,"ix":7},"sk":{"a":0,"k":20,"ix":4},"sa":{"a":0,"k":0,"ix":5},"nm":"Transform"}],"nm":"Rectangle 1","np":2,"mn":"ADBE Vector Group"}],"ip":0,"op":152,"st":0,"bm":0,"sr":1},{"ddd":0,"ind":1,"ty":4,"nm":"bar2","ks":{"o":{"a":0,"k":100},"r":{"a":0,"k":0},"p":{"a":0,"k":[18,35,0]},"a":{"a":0,"k":[0,0,0]},"s":{"a":0,"k":[100,100,100]}},"ao":0,"shapes":[{"ty":"gr","it":[{"ty":"rc","d":1,"s":{"a":0,"k":[6,20]},"p":{"a":0,"k":[0,-10]},"r":{"a":0,"k":0},"nm":"Rectangle Path 1","mn":"ADBE Vector Shape - Rect"},{"ty":"fl","c":{"a":0,"k":[0,0.72,0.26,1]},"o":{"a":0,"k":100},"nm":"Fill 1","mn":"ADBE Vector Graphic - Fill"},{"ty":"tr","p":{"a":0,"k":[0,0],"ix":2},"a":{"a":0,"k":[0,0],"ix":1},"s":{"a":1,"k":[{"i":{"x":[0.667,0.667],"y":[0.667,1]},"o":{"x":[0.951,0.99],"y":[0.951,0.009]},"n":["0p667_0p667_0p951_0p951","0p667_1_0p99_0p009"],"t":4,"s":[100,0],"e":[100,100]},{"i":{"x":[0.833,0.833],"y":[0.833,1]},"o":{"x":[0.333,0.333],"y":[0.333,0]},"n":["0p833_0p833_0p333_0p333","0p833_1_0p333_0"],"t":15,"s":[100,100],"e":[100,0]},{"t":25}],"ix":3},"r":{"a":0,"k":0,"ix":6},"o":{"a":0,"k":100,"ix":7},"sk":{"a":0,"k":20,"ix":4},"sa":{"a":0,"k":0,"ix":5},"nm":"Transform"}],"nm":"Rectangle 1","np":2,"mn":"ADBE Vector Group"}],"ip":4,"op":156,"st":4,"bm":0,"sr":1},{"ddd":0,"ind":2,"ty":4,"nm":"bar1","ks":{"o":{"a":0,"k":100},"r":{"a":0,"k":0},"p":{"a":0,"k":[6,35,0]},"a":{"a":0,"k":[0,0,0]},"s":{"a":0,"k":[100,100,100]}},"ao":0,"shapes":[{"ty":"gr","it":[{"ty":"rc","d":1,"s":{"a":0,"k":[6,20]},"p":{"a":0,"k":[0,-10]},"r":{"a":0,"k":0},"nm":"Rectangle Path 1","mn":"ADBE Vector Shape - Rect"},{"ty":"fl","c":{"a":0,"k":[0,0.72,0.26,1]},"o":{"a":0,"k":100},"nm":"Fill 1","mn":"ADBE Vector Graphic - Fill"},{"ty":"tr","p":{"a":0,"k":[0,0],"ix":2},"a":{"a":0,"k":[0,0],"ix":1},"s":{"a":1,"k":[{"i":{"x":[0.667,0.667],"y":[0.667,1]},"o":{"x":[0.951,0.99],"y":[0.951,0.009]},"n":["0p667_0p667_0p951_0p951","0p667_1_0p99_0p009"],"t":11,"s":[100,0],"e":[100,100]},{"i":{"x":[0.833,0.833],"y":[0.833,1]},"o":{"x":[0.333,0.333],"y":[0.333,0]},"n":["0p833_0p833_0p333_0p333","0p833_1_0p333_0"],"t":22,"s":[100,100],"e":[100,0]},{"t":32}],"ix":3},"r":{"a":0,"k":0,"ix":6},"o":{"a":0,"k":100,"ix":7},"sk":{"a":0,"k":20,"ix":4},"sa":{"a":0,"k":0,"ix":5},"nm":"Transform"}],"nm":"Rectangle 1","np":2,"mn":"ADBE Vector Group"}],"ip":11,"op":163,"st":11,"bm":0,"sr":1},{"ddd":0,"ind":3,"ty":4,"nm":"circle3","ks":{"o":{"a":0,"k":100},"r":{"a":0,"k":0},"p":{"a":1,"k":[{"i":{"x":0.667,"y":1},"o":{"x":1,"y":0},"n":"0p667_1_1_0","t":0,"s":[32.5,30,0],"e":[38.5,11,0],"to":[1,-3.16666674613953,0],"ti":[-1.66666662693024,3.16666674613953,0]},{"i":{"x":0.667,"y":1},"o":{"x":0.099,"y":1},"n":"0p667_1_0p099_1","t":11,"s":[38.5,11,0],"e":[42.5,11,0],"to":[1.91666662693024,-1.63541662693024,0],"ti":[-0.94791668653488,0.03125,0]},{"i":{"x":0.667,"y":1},"o":{"x":0.167,"y":0},"n":"0p667_1_0p167_0","t":27,"s":[42.5,11,0],"e":[42,32,0],"to":[0.66630470752716,-0.0219660885632,0],"ti":[0,0,0]},{"i":{"x":0.667,"y":1},"o":{"x":0.167,"y":0},"n":"0p667_1_0p167_0","t":33,"s":[42,32,0],"e":[43,28,0],"to":[0,0,0],"ti":[0,0,0]},{"i":{"x":0.667,"y":1},"o":{"x":0.167,"y":0},"n":"0p667_1_0p167_0","t":35,"s":[43,28,0],"e":[44,30,0],"to":[0,0,0],"ti":[0,0,0]},{"i":{"x":0.667,"y":0.667},"o":{"x":0.167,"y":0.167},"n":"0p667_0p667_0p167_0p167","t":37,"s":[44,30,0],"e":[44,30,0],"to":[0,0,0],"ti":[0,0,0]},{"i":{"x":0.667,"y":1},"o":{"x":0.167,"y":0},"n":"0p667_1_0p167_0","t":53,"s":[44,30,0],"e":[32.5,30,0],"to":[0,0,0],"ti":[0,0,0]},{"t":62}]},"a":{"a":0,"k":[0,0,0]},"s":{"a":0,"k":[100,100,100]}},"ao":0,"shapes":[{"ty":"gr","it":[{"d":1,"ty":"el","s":{"a":1,"k":[{"i":{"x":[0.833,0.833],"y":[0.833,0.833]},"o":{"x":[0.167,0.167],"y":[0.167,0.167]},"n":["0p833_0p833_0p167_0p167","0p833_0p833_0p167_0p167"],"t":32,"s":[8,8],"e":[9,6]},{"i":{"x":[0.833,0.833],"y":[0.833,0.833]},"o":{"x":[0.167,0.167],"y":[0.167,0.167]},"n":["0p833_0p833_0p167_0p167","0p833_0p833_0p167_0p167"],"t":33,"s":[9,6],"e":[8,8]},{"t":35}]},"p":{"a":0,"k":[0,0]},"nm":"Ellipse Path 1","mn":"ADBE Vector Shape - Ellipse"},{"ty":"fl","c":{"a":0,"k":[0,0.72,0.26,1]},"o":{"a":0,"k":100},"nm":"Fill 1","mn":"ADBE Vector Graphic - Fill"},{"ty":"tr","p":{"a":0,"k":[0,0],"ix":2},"a":{"a":0,"k":[0,0],"ix":1},"s":{"a":0,"k":[100,100],"ix":3},"r":{"a":0,"k":0,"ix":6},"o":{"a":0,"k":100,"ix":7},"sk":{"a":0,"k":0,"ix":4},"sa":{"a":0,"k":0,"ix":5},"nm":"Transform"}],"nm":"Ellipse 1","np":2,"mn":"ADBE Vector Group"}],"ip":0,"op":152,"st":0,"bm":0,"sr":1},{"ddd":0,"ind":4,"ty":4,"nm":"circle2","ks":{"o":{"a":0,"k":100},"r":{"a":0,"k":0},"p":{"a":1,"k":[{"i":{"x":0.667,"y":1},"o":{"x":1,"y":0},"n":"0p667_1_1_0","t":4,"s":[20.5,30,0],"e":[26.5,11,0],"to":[1,-3.16666674613953,0],"ti":[-1.66666662693024,3.16666674613953,0]},{"i":{"x":0.667,"y":1},"o":{"x":0.099,"y":1},"n":"0p667_1_0p099_1","t":15,"s":[26.5,11,0],"e":[30.5,11,0],"to":[1.91666662693024,-1.63541662693024,0],"ti":[-0.94791668653488,0.03125,0]},{"i":{"x":0.667,"y":1},"o":{"x":0.167,"y":0},"n":"0p667_1_0p167_0","t":31,"s":[30.5,11,0],"e":[30,32,0],"to":[0.66630470752716,-0.0219660885632,0],"ti":[0,0,0]},{"i":{"x":0.667,"y":1},"o":{"x":0.167,"y":0},"n":"0p667_1_0p167_0","t":37,"s":[30,32,0],"e":[31,28,0],"to":[0,0,0],"ti":[0,0,0]},{"i":{"x":0.667,"y":1},"o":{"x":0.167,"y":0},"n":"0p667_1_0p167_0","t":39,"s":[31,28,0],"e":[32,30,0],"to":[0,0,0],"ti":[0,0,0]},{"i":{"x":0.667,"y":0.667},"o":{"x":0.167,"y":0.167},"n":"0p667_0p667_0p167_0p167","t":41,"s":[32,30,0],"e":[32,30,0],"to":[0,0,0],"ti":[0,0,0]},{"i":{"x":0.667,"y":1},"o":{"x":0.167,"y":0},"n":"0p667_1_0p167_0","t":51,"s":[32,30,0],"e":[20.5,30,0],"to":[0,0,0],"ti":[0,0,0]},{"t":62}]},"a":{"a":0,"k":[0,0,0]},"s":{"a":0,"k":[100,100,100]}},"ao":0,"shapes":[{"ty":"gr","it":[{"d":1,"ty":"el","s":{"a":1,"k":[{"i":{"x":[0.833,0.833],"y":[0.833,0.833]},"o":{"x":[0.167,0.167],"y":[0.167,0.167]},"n":["0p833_0p833_0p167_0p167","0p833_0p833_0p167_0p167"],"t":36,"s":[8,8],"e":[9,6]},{"i":{"x":[0.833,0.833],"y":[0.833,0.833]},"o":{"x":[0.167,0.167],"y":[0.167,0.167]},"n":["0p833_0p833_0p167_0p167","0p833_0p833_0p167_0p167"],"t":37,"s":[9,6],"e":[8,8]},{"t":39}]},"p":{"a":0,"k":[0,0]},"nm":"Ellipse Path 1","mn":"ADBE Vector Shape - Ellipse"},{"ty":"fl","c":{"a":0,"k":[0,0.72,0.26,1]},"o":{"a":0,"k":100},"nm":"Fill 1","mn":"ADBE Vector Graphic - Fill"},{"ty":"tr","p":{"a":0,"k":[0,0],"ix":2},"a":{"a":0,"k":[0,0],"ix":1},"s":{"a":0,"k":[100,100],"ix":3},"r":{"a":0,"k":0,"ix":6},"o":{"a":0,"k":100,"ix":7},"sk":{"a":0,"k":0,"ix":4},"sa":{"a":0,"k":0,"ix":5},"nm":"Transform"}],"nm":"Ellipse 1","np":2,"mn":"ADBE Vector Group"}],"ip":0,"op":152,"st":0,"bm":0,"sr":1},{"ddd":0,"ind":5,"ty":4,"nm":"circle1","ks":{"o":{"a":0,"k":100},"r":{"a":0,"k":0},"p":{"a":1,"k":[{"i":{"x":0.667,"y":1},"o":{"x":1,"y":0},"n":"0p667_1_1_0","t":11,"s":[8.5,30,0],"e":[14.5,11,0],"to":[1,-3.16666674613953,0],"ti":[-1.66666662693024,3.16666674613953,0]},{"i":{"x":0.667,"y":1},"o":{"x":0.099,"y":1},"n":"0p667_1_0p099_1","t":22,"s":[14.5,11,0],"e":[18.5,11,0],"to":[1.91666662693024,-1.63541662693024,0],"ti":[-0.94791668653488,0.03125,0]},{"i":{"x":0.667,"y":1},"o":{"x":0.167,"y":0},"n":"0p667_1_0p167_0","t":38,"s":[18.5,11,0],"e":[18,32,0],"to":[0.66630470752716,-0.0219660885632,0],"ti":[0,0,0]},{"i":{"x":0.667,"y":1},"o":{"x":0.167,"y":0},"n":"0p667_1_0p167_0","t":44,"s":[18,32,0],"e":[19,28,0],"to":[0,0,0],"ti":[0,0,0]},{"i":{"x":0.667,"y":1},"o":{"x":0.167,"y":0},"n":"0p667_1_0p167_0","t":46,"s":[19,28,0],"e":[20,30,0],"to":[0,0,0],"ti":[0,0,0]},{"i":{"x":0.667,"y":0.667},"o":{"x":0.167,"y":0.167},"n":"0p667_0p667_0p167_0p167","t":48,"s":[20,30,0],"e":[20,30,0],"to":[0,0,0],"ti":[0,0,0]},{"i":{"x":0.667,"y":1},"o":{"x":0.167,"y":0},"n":"0p667_1_0p167_0","t":49,"s":[20,30,0],"e":[8.5,30,0],"to":[0,0,0],"ti":[0,0,0]},{"t":62}]},"a":{"a":0,"k":[0,0,0]},"s":{"a":0,"k":[100,100,100]}},"ao":0,"shapes":[{"ty":"gr","it":[{"d":1,"ty":"el","s":{"a":1,"k":[{"i":{"x":[0.833,0.833],"y":[0.833,0.833]},"o":{"x":[0.167,0.167],"y":[0.167,0.167]},"n":["0p833_0p833_0p167_0p167","0p833_0p833_0p167_0p167"],"t":43,"s":[8,8],"e":[9,6]},{"i":{"x":[0.833,0.833],"y":[0.833,0.833]},"o":{"x":[0.167,0.167],"y":[0.167,0.167]},"n":["0p833_0p833_0p167_0p167","0p833_0p833_0p167_0p167"],"t":44,"s":[9,6],"e":[8,8]},{"t":46}]},"p":{"a":0,"k":[0,0]},"nm":"Ellipse Path 1","mn":"ADBE Vector Shape - Ellipse"},{"ty":"fl","c":{"a":0,"k":[0,0.72,0.26,1]},"o":{"a":0,"k":100},"nm":"Fill 1","mn":"ADBE Vector Graphic - Fill"},{"ty":"tr","p":{"a":0,"k":[0,0],"ix":2},"a":{"a":0,"k":[0,0],"ix":1},"s":{"a":0,"k":[100,100],"ix":3},"r":{"a":0,"k":0,"ix":6},"o":{"a":0,"k":100,"ix":7},"sk":{"a":0,"k":0,"ix":4},"sa":{"a":0,"k":0,"ix":5},"nm":"Transform"}],"nm":"Ellipse 1","np":2,"mn":"ADBE Vector Group"}],"ip":0,"op":152,"st":0,"bm":0,"sr":1},{"ddd":0,"ind":6,"ty":1,"nm":"Deep Red Solid 1","ks":{"o":{"a":0,"k":0},"r":{"a":0,"k":0},"p":{"a":0,"k":[37.5,22,0]},"a":{"a":0,"k":[37.5,22,0]},"s":{"a":0,"k":[100,100,100]}},"ao":0,"sw":75,"sh":44,"sc":"#730000","ip":0,"op":152,"st":0,"bm":0,"sr":1}]}