{"assets":[{"id":"comp_1","layers":[{"ddd":0,"ind":0,"ty":4,"nm":"eye","ks":{"o":{"k":100},"r":{"k":0},"p":{"k":[400,300,0]},"a":{"k":[0,0,0]},"s":{"k":[100,100,100]}},"ao":0,"shapes":[{"ty":"gr","it":[{"ind":0,"ty":"sh","ks":{"k":[{"i":{"x":0.833,"y":0.833},"o":{"x":0.167,"y":0.167},"n":"0p833_0p833_0p167_0p167","t":1,"s":[{"i":[[14.43,0],[-14.43,-0.412]],"o":[[-14.094,0],[14.782,0.422]],"v":[[-22.754,143.247],[-21.754,167.795]],"c":true}],"e":[{"i":[[41,0],[-41,-0.667]],"o":[[-40.045,0],[42,0.683]],"v":[[-8,9.524],[-8,71.143]],"c":true}]},{"i":{"x":0.833,"y":0.833},"o":{"x":0.167,"y":0.167},"n":"0p833_0p833_0p167_0p167","t":4,"s":[{"i":[[41,0],[-41,-0.667]],"o":[[-40.045,0],[42,0.683]],"v":[[-8,9.524],[-8,71.143]],"c":true}],"e":[{"i":[[41,0],[-41,-0.667]],"o":[[-40.045,0],[42,0.683]],"v":[[-8,9.524],[-8,71.143]],"c":true}]},{"i":{"x":0.833,"y":0.833},"o":{"x":0.167,"y":0.167},"n":"0p833_0p833_0p167_0p167","t":5,"s":[{"i":[[41,0],[-41,-0.667]],"o":[[-40.045,0],[42,0.683]],"v":[[-8,9.524],[-8,71.143]],"c":true}],"e":[{"i":[[41,0],[-41,-0.667]],"o":[[-40.045,0],[42,0.683]],"v":[[-13,2.857],[-14,49.238]],"c":true}]},{"i":{"x":0.833,"y":0.833},"o":{"x":0.167,"y":0.167},"n":"0p833_0p833_0p167_0p167","t":6,"s":[{"i":[[41,0],[-41,-0.667]],"o":[[-40.045,0],[42,0.683]],"v":[[-13,2.857],[-14,49.238]],"c":true}],"e":[{"i":[[41,0],[-41,-0.667]],"o":[[-40.045,0],[42,0.683]],"v":[[-25,0.952],[-26,47.333]],"c":true}]},{"i":{"x":0.833,"y":0.833},"o":{"x":0.167,"y":0.167},"n":"0p833_0p833_0p167_0p167","t":7,"s":[{"i":[[41,0],[-41,-0.667]],"o":[[-40.045,0],[42,0.683]],"v":[[-25,0.952],[-26,47.333]],"c":true}],"e":[{"i":[[41,0],[-41,-0.667]],"o":[[-40.045,0],[42,0.683]],"v":[[-22,14.286],[-23,60.667]],"c":true}]},{"i":{"x":0.833,"y":0.833},"o":{"x":0.167,"y":0.167},"n":"0p833_0p833_0p167_0p167","t":8,"s":[{"i":[[41,0],[-41,-0.667]],"o":[[-40.045,0],[42,0.683]],"v":[[-22,14.286],[-23,60.667]],"c":true}],"e":[{"i":[[41,0],[-41,-0.667]],"o":[[-40.045,0],[42,0.683]],"v":[[-22,23.81],[-23,70.19]],"c":true}]},{"i":{"x":0.833,"y":0.833},"o":{"x":0.167,"y":0.167},"n":"0p833_0p833_0p167_0p167","t":9,"s":[{"i":[[41,0],[-41,-0.667]],"o":[[-40.045,0],[42,0.683]],"v":[[-22,23.81],[-23,70.19]],"c":true}],"e":[{"i":[[41,0],[-41,-0.667]],"o":[[-40.045,0],[42,0.683]],"v":[[-2,33.333],[-3,79.714]],"c":true}]},{"i":{"x":0.833,"y":0.833},"o":{"x":0.167,"y":0.167},"n":"0p833_0p833_0p167_0p167","t":10,"s":[{"i":[[41,0],[-41,-0.667]],"o":[[-40.045,0],[42,0.683]],"v":[[-2,33.333],[-3,79.714]],"c":true}],"e":[{"i":[[41,0],[-41,-0.667]],"o":[[-40.045,0],[42,0.683]],"v":[[15,70.476],[14,116.857]],"c":true}]},{"i":{"x":0.833,"y":0.833},"o":{"x":0.167,"y":0.167},"n":"0p833_0p833_0p167_0p167","t":11,"s":[{"i":[[41,0],[-41,-0.667]],"o":[[-40.045,0],[42,0.683]],"v":[[15,70.476],[14,116.857]],"c":true}],"e":[{"i":[[41,0],[-41,-0.667]],"o":[[-40.045,0],[42,0.683]],"v":[[15,76.19],[14,122.571]],"c":true}]},{"i":{"x":0.833,"y":0.833},"o":{"x":0.167,"y":0.167},"n":"0p833_0p833_0p167_0p167","t":12,"s":[{"i":[[41,0],[-41,-0.667]],"o":[[-40.045,0],[42,0.683]],"v":[[15,76.19],[14,122.571]],"c":true}],"e":[{"i":[[41,0],[-41,-0.667]],"o":[[-40.045,0],[42,0.683]],"v":[[10,79.048],[10,140.667]],"c":true}]},{"i":{"x":0.833,"y":0.833},"o":{"x":0.167,"y":0.167},"n":"0p833_0p833_0p167_0p167","t":13,"s":[{"i":[[41,0],[-41,-0.667]],"o":[[-40.045,0],[42,0.683]],"v":[[10,79.048],[10,140.667]],"c":true}],"e":[{"i":[[-41,75.238],[46,43.143]],"o":[[-26,36.191],[23,41.238]],"v":[[83,107.619],[-57,108.286]],"c":true}]},{"i":{"x":0.833,"y":0.833},"o":{"x":0.167,"y":0.167},"n":"0p833_0p833_0p167_0p167","t":14,"s":[{"i":[[-41,75.238],[46,43.143]],"o":[[-26,36.191],[23,41.238]],"v":[[83,107.619],[-57,108.286]],"c":true}],"e":[{"i":[[-41,75.238],[46,43.143]],"o":[[-26,36.191],[23,41.238]],"v":[[89,92.381],[-51,93.048]],"c":true}]},{"i":{"x":0.833,"y":0.833},"o":{"x":0.167,"y":0.167},"n":"0p833_0p833_0p167_0p167","t":16,"s":[{"i":[[-41,75.238],[46,43.143]],"o":[[-26,36.191],[23,41.238]],"v":[[89,92.381],[-51,93.048]],"c":true}],"e":[{"i":[[41,0],[-41,-0.667]],"o":[[-40.045,0],[42,0.683]],"v":[[24.5,70.476],[25,107.333]],"c":true}]},{"i":{"x":0.833,"y":0.833},"o":{"x":0.167,"y":0.167},"n":"0p833_0p833_0p167_0p167","t":17,"s":[{"i":[[41,0],[-41,-0.667]],"o":[[-40.045,0],[42,0.683]],"v":[[24.5,70.476],[25,107.333]],"c":true}],"e":[{"i":[[41,0],[-41,-0.667]],"o":[[-40.045,0],[42,0.683]],"v":[[27.5,33.81],[27.5,95.429]],"c":true}]},{"i":{"x":0.833,"y":0.833},"o":{"x":0.167,"y":0.167},"n":"0p833_0p833_0p167_0p167","t":18,"s":[{"i":[[41,0],[-41,-0.667]],"o":[[-40.045,0],[42,0.683]],"v":[[27.5,33.81],[27.5,95.429]],"c":true}],"e":[{"i":[[41,0],[-41,-0.667]],"o":[[-40.045,0],[42,0.683]],"v":[[34,24.286],[34,66.857]],"c":true}]},{"i":{"x":0.833,"y":0.833},"o":{"x":0.167,"y":0.167},"n":"0p833_0p833_0p167_0p167","t":19,"s":[{"i":[[41,0],[-41,-0.667]],"o":[[-40.045,0],[42,0.683]],"v":[[34,24.286],[34,66.857]],"c":true}],"e":[{"i":[[41,0],[-41,-0.667]],"o":[[-40.045,0],[42,0.683]],"v":[[31,17.143],[30.5,57.333]],"c":true}]},{"i":{"x":0.833,"y":0.833},"o":{"x":0.167,"y":0.167},"n":"0p833_0p833_0p167_0p167","t":20,"s":[{"i":[[41,0],[-41,-0.667]],"o":[[-40.045,0],[42,0.683]],"v":[[31,17.143],[30.5,57.333]],"c":true}],"e":[{"i":[[41,0],[-41,-0.667]],"o":[[-40.045,0],[42,0.683]],"v":[[31,16.429],[30.5,56.619]],"c":true}]},{"i":{"x":0.833,"y":0.833},"o":{"x":0.167,"y":0.167},"n":"0p833_0p833_0p167_0p167","t":21,"s":[{"i":[[41,0],[-41,-0.667]],"o":[[-40.045,0],[42,0.683]],"v":[[31,16.429],[30.5,56.619]],"c":true}],"e":[{"i":[[41,0],[-41,-0.667]],"o":[[-40.045,0],[42,0.683]],"v":[[30.5,8.81],[30.5,55.191]],"c":true}]},{"i":{"x":0.833,"y":0.833},"o":{"x":0.167,"y":0.167},"n":"0p833_0p833_0p167_0p167","t":22,"s":[{"i":[[41,0],[-41,-0.667]],"o":[[-40.045,0],[42,0.683]],"v":[[30.5,8.81],[30.5,55.191]],"c":true}],"e":[{"i":[[41,0],[-41,-0.667]],"o":[[-40.045,0],[42,0.683]],"v":[[30,14.286],[30.5,65.905]],"c":true}]},{"i":{"x":0.833,"y":0.833},"o":{"x":0.167,"y":0.167},"n":"0p833_0p833_0p167_0p167","t":23,"s":[{"i":[[41,0],[-41,-0.667]],"o":[[-40.045,0],[42,0.683]],"v":[[30,14.286],[30.5,65.905]],"c":true}],"e":[{"i":[[41,0],[-41,-0.667]],"o":[[-40.045,0],[42,0.683]],"v":[[32,15.714],[32.5,67.333]],"c":true}]},{"i":{"x":0.833,"y":0.833},"o":{"x":0.167,"y":0.167},"n":"0p833_0p833_0p167_0p167","t":24,"s":[{"i":[[41,0],[-41,-0.667]],"o":[[-40.045,0],[42,0.683]],"v":[[32,15.714],[32.5,67.333]],"c":true}],"e":[{"i":[[41,0],[-41,-0.667]],"o":[[-40.045,0],[42,0.683]],"v":[[31,29.524],[31.5,81.143]],"c":true}]},{"i":{"x":0.833,"y":0.833},"o":{"x":0.167,"y":0.167},"n":"0p833_0p833_0p167_0p167","t":25,"s":[{"i":[[41,0],[-41,-0.667]],"o":[[-40.045,0],[42,0.683]],"v":[[31,29.524],[31.5,81.143]],"c":true}],"e":[{"i":[[41,0],[-41,-0.667]],"o":[[-40.045,0],[42,0.683]],"v":[[29,45.714],[29.5,102.095]],"c":true}]},{"i":{"x":0.833,"y":0.833},"o":{"x":0.167,"y":0.167},"n":"0p833_0p833_0p167_0p167","t":26,"s":[{"i":[[41,0],[-41,-0.667]],"o":[[-40.045,0],[42,0.683]],"v":[[29,45.714],[29.5,102.095]],"c":true}],"e":[{"i":[[41,0],[-41,-0.667]],"o":[[-40.045,0],[42,0.683]],"v":[[16,74.286],[14.5,119.714]],"c":true}]},{"i":{"x":0.833,"y":0.833},"o":{"x":0.167,"y":0.167},"n":"0p833_0p833_0p167_0p167","t":27,"s":[{"i":[[41,0],[-41,-0.667]],"o":[[-40.045,0],[42,0.683]],"v":[[16,74.286],[14.5,119.714]],"c":true}],"e":[{"i":[[41,0],[-41,-0.667]],"o":[[-40.045,0],[42,0.683]],"v":[[10,93.333],[8.5,138.762]],"c":true}]},{"i":{"x":0.833,"y":0.833},"o":{"x":0.167,"y":0.167},"n":"0p833_0p833_0p167_0p167","t":28,"s":[{"i":[[41,0],[-41,-0.667]],"o":[[-40.045,0],[42,0.683]],"v":[[10,93.333],[8.5,138.762]],"c":true}],"e":[{"i":[[41,0],[-41,-0.667]],"o":[[-40.045,0],[42,0.683]],"v":[[9.5,109.524],[8.5,148.762]],"c":true}]},{"i":{"x":0.833,"y":0.833},"o":{"x":0.167,"y":0.167},"n":"0p833_0p833_0p167_0p167","t":29,"s":[{"i":[[41,0],[-41,-0.667]],"o":[[-40.045,0],[42,0.683]],"v":[[9.5,109.524],[8.5,148.762]],"c":true}],"e":[{"i":[[41,0],[-41,-0.667]],"o":[[-40.045,0],[42,0.683]],"v":[[3.5,118.571],[2.5,157.81]],"c":true}]},{"i":{"x":0.833,"y":0.833},"o":{"x":0.167,"y":0.167},"n":"0p833_0p833_0p167_0p167","t":30,"s":[{"i":[[41,0],[-41,-0.667]],"o":[[-40.045,0],[42,0.683]],"v":[[3.5,118.571],[2.5,157.81]],"c":true}],"e":[{"i":[[41,0],[-41,-0.667]],"o":[[-40.045,0],[42,0.683]],"v":[[2.5,109.524],[1.5,148.762]],"c":true}]},{"i":{"x":0.833,"y":0.833},"o":{"x":0.167,"y":0.167},"n":"0p833_0p833_0p167_0p167","t":31,"s":[{"i":[[41,0],[-41,-0.667]],"o":[[-40.045,0],[42,0.683]],"v":[[2.5,109.524],[1.5,148.762]],"c":true}],"e":[{"i":[[41,0],[-41,-0.667]],"o":[[-40.045,0],[42,0.683]],"v":[[0,99.524],[-1,138.762]],"c":true}]},{"i":{"x":0.833,"y":0.833},"o":{"x":0.167,"y":0.167},"n":"0p833_0p833_0p167_0p167","t":32,"s":[{"i":[[41,0],[-41,-0.667]],"o":[[-40.045,0],[42,0.683]],"v":[[0,99.524],[-1,138.762]],"c":true}],"e":[{"i":[[41,0],[-41,-0.667]],"o":[[-40.045,0],[42,0.683]],"v":[[-0.25,70],[-2.5,114.476]],"c":true}]},{"i":{"x":0.833,"y":0.833},"o":{"x":0.167,"y":0.167},"n":"0p833_0p833_0p167_0p167","t":33,"s":[{"i":[[41,0],[-41,-0.667]],"o":[[-40.045,0],[42,0.683]],"v":[[-0.25,70],[-2.5,114.476]],"c":true}],"e":[{"i":[[41,0],[-41,-0.667]],"o":[[-40.045,0],[42,0.683]],"v":[[2.25,58.571],[0,103.048]],"c":true}]},{"i":{"x":0.833,"y":0.833},"o":{"x":0.167,"y":0.167},"n":"0p833_0p833_0p167_0p167","t":34,"s":[{"i":[[41,0],[-41,-0.667]],"o":[[-40.045,0],[42,0.683]],"v":[[2.25,58.571],[0,103.048]],"c":true}],"e":[{"i":[[41,0],[-41,-0.667]],"o":[[-40.045,0],[42,0.683]],"v":[[7.25,46.667],[5,91.143]],"c":true}]},{"i":{"x":0.833,"y":0.833},"o":{"x":0.167,"y":0.167},"n":"0p833_0p833_0p167_0p167","t":35,"s":[{"i":[[41,0],[-41,-0.667]],"o":[[-40.045,0],[42,0.683]],"v":[[7.25,46.667],[5,91.143]],"c":true}],"e":[{"i":[[41,0],[-41,-0.667]],"o":[[-40.045,0],[42,0.683]],"v":[[9,20.952],[9,82.571]],"c":true}]},{"i":{"x":0.833,"y":0.833},"o":{"x":0.167,"y":0.167},"n":"0p833_0p833_0p167_0p167","t":36,"s":[{"i":[[41,0],[-41,-0.667]],"o":[[-40.045,0],[42,0.683]],"v":[[9,20.952],[9,82.571]],"c":true}],"e":[{"i":[[30.487,0],[-30.487,-0.667]],"o":[[-29.777,0],[31.231,0.683]],"v":[[2.833,17.619],[2.833,79.238]],"c":true}]},{"i":{"x":0.833,"y":0.833},"o":{"x":0.167,"y":0.167},"n":"0p833_0p833_0p167_0p167","t":37,"s":[{"i":[[30.487,0],[-30.487,-0.667]],"o":[[-29.777,0],[31.231,0.683]],"v":[[2.833,17.619],[2.833,79.238]],"c":true}],"e":[{"i":[[24.029,0],[-24.029,-0.443]],"o":[[-23.47,0],[24.615,0.454]],"v":[[15.095,73.63],[15.095,114.589]],"c":true}]},{"i":{"x":0.833,"y":0.833},"o":{"x":0.167,"y":0.167},"n":"0p833_0p833_0p167_0p167","t":38,"s":[{"i":[[24.029,0],[-24.029,-0.443]],"o":[[-23.47,0],[24.615,0.454]],"v":[[15.095,73.63],[15.095,114.589]],"c":true}],"e":[{"i":[[16.532,-2.039],[-16.578,1.701]],"o":[[-16.147,1.992],[16.982,-1.742]],"v":[[32.869,70.412],[37.122,101.685]],"c":true}]},{"i":{"x":0.833,"y":0.833},"o":{"x":0.167,"y":0.167},"n":"0p833_0p833_0p167_0p167","t":39,"s":[{"i":[[16.532,-2.039],[-16.578,1.701]],"o":[[-16.147,1.992],[16.982,-1.742]],"v":[[32.869,70.412],[37.122,101.685]],"c":true}],"e":[{"i":[[16.287,0],[-16.287,-0.211]],"o":[[-15.908,0],[16.684,0.216]],"v":[[38.321,56.649],[38.321,76.152]],"c":true}]},{"i":{"x":0.833,"y":0.833},"o":{"x":0.167,"y":0.167},"n":"0p833_0p833_0p167_0p167","t":40,"s":[{"i":[[16.287,0],[-16.287,-0.211]],"o":[[-15.908,0],[16.684,0.216]],"v":[[38.321,56.649],[38.321,76.152]],"c":true}],"e":[{"i":[[10.663,0],[-10.663,-0.181]],"o":[[-10.415,0],[10.923,0.186]],"v":[[36.059,42.16],[35.077,48.93]],"c":true}]},{"t":41}]},"nm":"Path 1","mn":"ADBE Vector Shape - Group"},{"ty":"fl","c":{"k":[0,0,0,1]},"o":{"k":100},"nm":"Fill 1","mn":"ADBE Vector Graphic - Fill"},{"ty":"tr","p":{"k":[0,0],"ix":2},"a":{"k":[0,0],"ix":1},"s":{"k":[100,105],"ix":3},"r":{"k":0,"ix":6},"o":{"k":100,"ix":7},"sk":{"k":0,"ix":4},"sa":{"k":0,"ix":5},"nm":"Transform"}],"nm":"Shape 2","np":3,"mn":"ADBE Vector Group"},{"ty":"gr","it":[{"ind":0,"ty":"sh","ks":{"k":[{"i":{"x":0.833,"y":0.833},"o":{"x":0.167,"y":0.167},"n":"0p833_0p833_0p167_0p167","t":1,"s":[{"i":[[14.444,0.589],[0,0],[-13.022,-0.617],[0,0]],"o":[[-15.134,-0.617],[0,0],[10.561,0.501],[0,0]],"v":[[-22.05,143.617],[-39,159.081],[-21.754,181.31],[-3.804,157.229]],"c":true}],"e":[{"i":[[58.078,0],[0,0],[-44.993,-0.818],[0,0]],"o":[[-58,0],[0,0],[55,1],[0,0]],"v":[[-6,-1],[-73,40],[-8,83],[66,40]],"c":true}]},{"i":{"x":0.833,"y":0.833},"o":{"x":0.167,"y":0.167},"n":"0p833_0p833_0p167_0p167","t":4,"s":[{"i":[[58.078,0],[0,0],[-44.993,-0.818],[0,0]],"o":[[-58,0],[0,0],[55,1],[0,0]],"v":[[-6,-1],[-73,40],[-8,83],[66,40]],"c":true}],"e":[{"i":[[58.078,0],[0,0],[-44.993,-0.818],[0,0]],"o":[[-58,0],[0,0],[55,1],[0,0]],"v":[[-6,-1],[-73,40],[-8,83],[66,40]],"c":true}]},{"i":{"x":0.833,"y":0.833},"o":{"x":0.167,"y":0.167},"n":"0p833_0p833_0p167_0p167","t":5,"s":[{"i":[[58.078,0],[0,0],[-44.993,-0.818],[0,0]],"o":[[-58,0],[0,0],[55,1],[0,0]],"v":[[-6,-1],[-73,40],[-8,83],[66,40]],"c":true}],"e":[{"i":[[58.078,0],[0,0],[-44.993,-0.818],[0,0]],"o":[[-58,0],[0,0],[55,1],[0,0]],"v":[[-11,-8],[-78,33],[-14,60],[61,33]],"c":true}]},{"i":{"x":0.833,"y":0.833},"o":{"x":0.167,"y":0.167},"n":"0p833_0p833_0p167_0p167","t":6,"s":[{"i":[[58.078,0],[0,0],[-44.993,-0.818],[0,0]],"o":[[-58,0],[0,0],[55,1],[0,0]],"v":[[-11,-8],[-78,33],[-14,60],[61,33]],"c":true}],"e":[{"i":[[58.078,0],[0,0],[-44.993,-0.818],[0,0]],"o":[[-58,0],[0,0],[55,1],[0,0]],"v":[[-23,-10],[-90,31],[-26,58],[49,31]],"c":true}]},{"i":{"x":0.833,"y":0.833},"o":{"x":0.167,"y":0.167},"n":"0p833_0p833_0p167_0p167","t":7,"s":[{"i":[[58.078,0],[0,0],[-44.993,-0.818],[0,0]],"o":[[-58,0],[0,0],[55,1],[0,0]],"v":[[-23,-10],[-90,31],[-26,58],[49,31]],"c":true}],"e":[{"i":[[58.078,0],[0,0],[-44.993,-0.818],[0,0]],"o":[[-58,0],[0,0],[55,1],[0,0]],"v":[[-20,4],[-87,45],[-23,72],[52,45]],"c":true}]},{"i":{"x":0.833,"y":0.833},"o":{"x":0.167,"y":0.167},"n":"0p833_0p833_0p167_0p167","t":8,"s":[{"i":[[58.078,0],[0,0],[-44.993,-0.818],[0,0]],"o":[[-58,0],[0,0],[55,1],[0,0]],"v":[[-20,4],[-87,45],[-23,72],[52,45]],"c":true}],"e":[{"i":[[58.078,0],[0,0],[-44.993,-0.818],[0,0]],"o":[[-58,0],[0,0],[55,1],[0,0]],"v":[[-20,14],[-87,55],[-23,82],[52,55]],"c":true}]},{"i":{"x":0.833,"y":0.833},"o":{"x":0.167,"y":0.167},"n":"0p833_0p833_0p167_0p167","t":9,"s":[{"i":[[58.078,0],[0,0],[-44.993,-0.818],[0,0]],"o":[[-58,0],[0,0],[55,1],[0,0]],"v":[[-20,14],[-87,55],[-23,82],[52,55]],"c":true}],"e":[{"i":[[43,0],[0,0],[-43,-1],[0,0]],"o":[[-45.011,0],[0,0],[54.994,1.279],[0,0]],"v":[[0,24],[-72,65],[-3,92],[62,65]],"c":true}]},{"i":{"x":0.833,"y":0.833},"o":{"x":0.167,"y":0.167},"n":"0p833_0p833_0p167_0p167","t":10,"s":[{"i":[[43,0],[0,0],[-43,-1],[0,0]],"o":[[-45.011,0],[0,0],[54.994,1.279],[0,0]],"v":[[0,24],[-72,65],[-3,92],[62,65]],"c":true}],"e":[{"i":[[43,0],[0,0],[-43,-1],[0,0]],"o":[[-45.011,0],[0,0],[54.994,1.279],[0,0]],"v":[[17,63],[-55,104],[14,131],[79,104]],"c":true}]},{"i":{"x":0.833,"y":0.833},"o":{"x":0.167,"y":0.167},"n":"0p833_0p833_0p167_0p167","t":11,"s":[{"i":[[43,0],[0,0],[-43,-1],[0,0]],"o":[[-45.011,0],[0,0],[54.994,1.279],[0,0]],"v":[[17,63],[-55,104],[14,131],[79,104]],"c":true}],"e":[{"i":[[43,0],[0,0],[-43,-1],[0,0]],"o":[[-45.011,0],[0,0],[54.994,1.279],[0,0]],"v":[[17,69],[-55,110],[14,137],[79,110]],"c":true}]},{"i":{"x":0.833,"y":0.833},"o":{"x":0.167,"y":0.167},"n":"0p833_0p833_0p167_0p167","t":12,"s":[{"i":[[43,0],[0,0],[-43,-1],[0,0]],"o":[[-45.011,0],[0,0],[54.994,1.279],[0,0]],"v":[[17,69],[-55,110],[14,137],[79,110]],"c":true}],"e":[{"i":[[58.078,0],[0,0],[-44.993,-0.818],[0,0]],"o":[[-58,0],[0,0],[55,1],[0,0]],"v":[[12,72],[-55,113],[10,156],[84,113]],"c":true}]},{"i":{"x":0.833,"y":0.833},"o":{"x":0.167,"y":0.167},"n":"0p833_0p833_0p167_0p167","t":13,"s":[{"i":[[58.078,0],[0,0],[-44.993,-0.818],[0,0]],"o":[[-58,0],[0,0],[55,1],[0,0]],"v":[[12,72],[-55,113],[10,156],[84,113]],"c":true}],"e":[{"i":[[58.078,0],[0,0],[-44.993,-0.818],[0,0]],"o":[[-46,0],[0,0],[55,1],[0,0]],"v":[[12,156],[-55,113],[10,156],[84,113]],"c":true}]},{"i":{"x":0.833,"y":0.833},"o":{"x":0.167,"y":0.167},"n":"0p833_0p833_0p167_0p167","t":14,"s":[{"i":[[58.078,0],[0,0],[-44.993,-0.818],[0,0]],"o":[[-46,0],[0,0],[55,1],[0,0]],"v":[[12,156],[-55,113],[10,156],[84,113]],"c":true}],"e":[{"i":[[58.078,0],[0,0],[-44.993,-0.818],[0,0]],"o":[[-46,0],[0,0],[55,1],[0,0]],"v":[[18,140],[-49,97],[16,140],[90,97]],"c":true}]},{"i":{"x":0.833,"y":0.833},"o":{"x":0.167,"y":0.167},"n":"0p833_0p833_0p167_0p167","t":16,"s":[{"i":[[58.078,0],[0,0],[-44.993,-0.818],[0,0]],"o":[[-46,0],[0,0],[55,1],[0,0]],"v":[[18,140],[-49,97],[16,140],[90,97]],"c":true}],"e":[{"i":[[58.078,0],[0,0],[-44.993,-0.818],[0,0]],"o":[[-58,0],[0,0],[55,1],[0,0]],"v":[[26.5,63],[-40,78],[25,121],[99,78]],"c":true}]},{"i":{"x":0.833,"y":0.833},"o":{"x":0.167,"y":0.167},"n":"0p833_0p833_0p167_0p167","t":17,"s":[{"i":[[58.078,0],[0,0],[-44.993,-0.818],[0,0]],"o":[[-58,0],[0,0],[55,1],[0,0]],"v":[[26.5,63],[-40,78],[25,121],[99,78]],"c":true}],"e":[{"i":[[58.078,0],[0,0],[-44.993,-0.818],[0,0]],"o":[[-58,0],[0,0],[55,1],[0,0]],"v":[[29.5,24.5],[-37.5,65.5],[27.5,108.5],[101.5,65.5]],"c":true}]},{"i":{"x":0.833,"y":0.833},"o":{"x":0.167,"y":0.167},"n":"0p833_0p833_0p167_0p167","t":18,"s":[{"i":[[58.078,0],[0,0],[-44.993,-0.818],[0,0]],"o":[[-58,0],[0,0],[55,1],[0,0]],"v":[[29.5,24.5],[-37.5,65.5],[27.5,108.5],[101.5,65.5]],"c":true}],"e":[{"i":[[58.078,0],[0,0],[-44.993,-0.818],[0,0]],"o":[[-58,0],[0,0],[55,1],[0,0]],"v":[[36,14.5],[-31,55.5],[34,78.5],[108,55.5]],"c":true}]},{"i":{"x":0.833,"y":0.833},"o":{"x":0.167,"y":0.167},"n":"0p833_0p833_0p167_0p167","t":19,"s":[{"i":[[58.078,0],[0,0],[-44.993,-0.818],[0,0]],"o":[[-58,0],[0,0],[55,1],[0,0]],"v":[[36,14.5],[-31,55.5],[34,78.5],[108,55.5]],"c":true}],"e":[{"i":[[58.078,0],[0,0],[-44.993,-0.818],[0,0]],"o":[[-58,0],[0,0],[55,1],[0,0]],"v":[[33,7],[-34,48],[30.5,68.5],[105,48]],"c":true}]},{"i":{"x":0.833,"y":0.833},"o":{"x":0.167,"y":0.167},"n":"0p833_0p833_0p167_0p167","t":20,"s":[{"i":[[58.078,0],[0,0],[-44.993,-0.818],[0,0]],"o":[[-58,0],[0,0],[55,1],[0,0]],"v":[[33,7],[-34,48],[30.5,68.5],[105,48]],"c":true}],"e":[{"i":[[58.078,0],[0,0],[-44.993,-0.818],[0,0]],"o":[[-58,0],[0,0],[55,1],[0,0]],"v":[[33,6.25],[-34,47.25],[30.5,67.75],[105,47.25]],"c":true}]},{"i":{"x":0.833,"y":0.833},"o":{"x":0.167,"y":0.167},"n":"0p833_0p833_0p167_0p167","t":21,"s":[{"i":[[58.078,0],[0,0],[-44.993,-0.818],[0,0]],"o":[[-58,0],[0,0],[55,1],[0,0]],"v":[[33,6.25],[-34,47.25],[30.5,67.75],[105,47.25]],"c":true}],"e":[{"i":[[58.078,0],[0,0],[-44.993,-0.818],[0,0]],"o":[[-58,0],[0,0],[55,1],[0,0]],"v":[[32.5,-1.75],[-34.5,39.25],[30.5,66.25],[104.5,39.25]],"c":true}]},{"i":{"x":0.833,"y":0.833},"o":{"x":0.167,"y":0.167},"n":"0p833_0p833_0p167_0p167","t":22,"s":[{"i":[[58.078,0],[0,0],[-44.993,-0.818],[0,0]],"o":[[-58,0],[0,0],[55,1],[0,0]],"v":[[32.5,-1.75],[-34.5,39.25],[30.5,66.25],[104.5,39.25]],"c":true}],"e":[{"i":[[58.078,0],[0,0],[-44.993,-0.818],[0,0]],"o":[[-58,0],[0,0],[55,1],[0,0]],"v":[[32,4],[-35,45],[30.5,77.5],[104,45]],"c":true}]},{"i":{"x":0.833,"y":0.833},"o":{"x":0.167,"y":0.167},"n":"0p833_0p833_0p167_0p167","t":23,"s":[{"i":[[58.078,0],[0,0],[-44.993,-0.818],[0,0]],"o":[[-58,0],[0,0],[55,1],[0,0]],"v":[[32,4],[-35,45],[30.5,77.5],[104,45]],"c":true}],"e":[{"i":[[58.049,1.814],[0,0],[-44.993,-0.818],[0,0]],"o":[[-48,-1.5],[0,0],[55,1],[0,0]],"v":[[34,5.5],[-43.5,46],[32.5,79],[95.5,46]],"c":true}]},{"i":{"x":0.833,"y":0.833},"o":{"x":0.167,"y":0.167},"n":"0p833_0p833_0p167_0p167","t":24,"s":[{"i":[[58.049,1.814],[0,0],[-44.993,-0.818],[0,0]],"o":[[-48,-1.5],[0,0],[55,1],[0,0]],"v":[[34,5.5],[-43.5,46],[32.5,79],[95.5,46]],"c":true}],"e":[{"i":[[58.049,1.814],[0,0],[-44.993,-0.818],[0,0]],"o":[[-48,-1.5],[0,0],[55,1],[0,0]],"v":[[33,20],[-37.5,61],[31.5,93.5],[94.5,60.5]],"c":true}]},{"i":{"x":0.833,"y":0.833},"o":{"x":0.167,"y":0.167},"n":"0p833_0p833_0p167_0p167","t":25,"s":[{"i":[[58.049,1.814],[0,0],[-44.993,-0.818],[0,0]],"o":[[-48,-1.5],[0,0],[55,1],[0,0]],"v":[[33,20],[-37.5,61],[31.5,93.5],[94.5,60.5]],"c":true}],"e":[{"i":[[58.078,0],[0,0],[-44.993,-0.818],[0,0]],"o":[[-58,0],[0,0],[55,1],[0,0]],"v":[[31,37],[-35.5,72.5],[29.5,115.5],[103.5,72.5]],"c":true}]},{"i":{"x":0.833,"y":0.833},"o":{"x":0.167,"y":0.167},"n":"0p833_0p833_0p167_0p167","t":26,"s":[{"i":[[58.078,0],[0,0],[-44.993,-0.818],[0,0]],"o":[[-58,0],[0,0],[55,1],[0,0]],"v":[[31,37],[-35.5,72.5],[29.5,115.5],[103.5,72.5]],"c":true}],"e":[{"i":[[58.078,0],[0,0],[-44.993,-0.818],[0,0]],"o":[[-58,0],[0,0],[55,1],[0,0]],"v":[[18,67],[-50.5,91],[14.5,134],[88.5,91]],"c":true}]},{"i":{"x":0.833,"y":0.833},"o":{"x":0.167,"y":0.167},"n":"0p833_0p833_0p167_0p167","t":27,"s":[{"i":[[58.078,0],[0,0],[-44.993,-0.818],[0,0]],"o":[[-58,0],[0,0],[55,1],[0,0]],"v":[[18,67],[-50.5,91],[14.5,134],[88.5,91]],"c":true}],"e":[{"i":[[58.078,0],[0,0],[-44.993,-0.818],[0,0]],"o":[[-58,0],[0,0],[55,1],[0,0]],"v":[[12,87],[-56.5,111],[8.5,154],[82.5,111]],"c":true}]},{"i":{"x":0.833,"y":0.833},"o":{"x":0.167,"y":0.167},"n":"0p833_0p833_0p167_0p167","t":28,"s":[{"i":[[58.078,0],[0,0],[-44.993,-0.818],[0,0]],"o":[[-58,0],[0,0],[55,1],[0,0]],"v":[[12,87],[-56.5,111],[8.5,154],[82.5,111]],"c":true}],"e":[{"i":[[58.078,0],[0,0],[-44.993,-0.818],[0,0]],"o":[[-58,0],[0,0],[55,1],[0,0]],"v":[[11.5,104],[-58.5,131],[8.5,164.5],[82.5,133]],"c":true}]},{"i":{"x":0.833,"y":0.833},"o":{"x":0.167,"y":0.167},"n":"0p833_0p833_0p167_0p167","t":29,"s":[{"i":[[58.078,0],[0,0],[-44.993,-0.818],[0,0]],"o":[[-58,0],[0,0],[55,1],[0,0]],"v":[[11.5,104],[-58.5,131],[8.5,164.5],[82.5,133]],"c":true}],"e":[{"i":[[58.078,0],[0,0],[-44.993,-0.818],[0,0]],"o":[[-58,0],[0,0],[55,1],[0,0]],"v":[[5.5,113.5],[-64.5,140.5],[2.5,174],[76.5,142.5]],"c":true}]},{"i":{"x":0.833,"y":0.833},"o":{"x":0.167,"y":0.167},"n":"0p833_0p833_0p167_0p167","t":30,"s":[{"i":[[58.078,0],[0,0],[-44.993,-0.818],[0,0]],"o":[[-58,0],[0,0],[55,1],[0,0]],"v":[[5.5,113.5],[-64.5,140.5],[2.5,174],[76.5,142.5]],"c":true}],"e":[{"i":[[58.078,0],[0,0],[-44.993,-0.818],[0,0]],"o":[[-58,0],[0,0],[55,1],[0,0]],"v":[[4.5,104],[-65.5,131],[1.5,164.5],[75.5,133]],"c":true}]},{"i":{"x":0.833,"y":0.833},"o":{"x":0.167,"y":0.167},"n":"0p833_0p833_0p167_0p167","t":31,"s":[{"i":[[58.078,0],[0,0],[-44.993,-0.818],[0,0]],"o":[[-58,0],[0,0],[55,1],[0,0]],"v":[[4.5,104],[-65.5,131],[1.5,164.5],[75.5,133]],"c":true}],"e":[{"i":[[58.078,0],[0,0],[-44.993,-0.818],[0,0]],"o":[[-58,0],[0,0],[55,1],[0,0]],"v":[[2,93.5],[-68,120.5],[-1,154],[73,122.5]],"c":true}]},{"i":{"x":0.833,"y":0.833},"o":{"x":0.167,"y":0.167},"n":"0p833_0p833_0p167_0p167","t":32,"s":[{"i":[[58.078,0],[0,0],[-44.993,-0.818],[0,0]],"o":[[-58,0],[0,0],[55,1],[0,0]],"v":[[2,93.5],[-68,120.5],[-1,154],[73,122.5]],"c":true}],"e":[{"i":[[58.078,0],[0,0],[-44.993,-0.818],[0,0]],"o":[[-58,0],[0,0],[55,1],[0,0]],"v":[[1.75,62.5],[-69.5,95],[-2.5,128.5],[71.5,97]],"c":true}]},{"i":{"x":0.833,"y":0.833},"o":{"x":0.167,"y":0.167},"n":"0p833_0p833_0p167_0p167","t":33,"s":[{"i":[[58.078,0],[0,0],[-44.993,-0.818],[0,0]],"o":[[-58,0],[0,0],[55,1],[0,0]],"v":[[1.75,62.5],[-69.5,95],[-2.5,128.5],[71.5,97]],"c":true}],"e":[{"i":[[58.078,0],[0,0],[-44.993,-0.818],[0,0]],"o":[[-58,0],[0,0],[55,1],[0,0]],"v":[[4.25,50.5],[-67,83],[0,116.5],[74,85]],"c":true}]},{"i":{"x":0.833,"y":0.833},"o":{"x":0.167,"y":0.167},"n":"0p833_0p833_0p167_0p167","t":34,"s":[{"i":[[58.078,0],[0,0],[-44.993,-0.818],[0,0]],"o":[[-58,0],[0,0],[55,1],[0,0]],"v":[[4.25,50.5],[-67,83],[0,116.5],[74,85]],"c":true}],"e":[{"i":[[58.078,0],[0,0],[-54,-1],[0,0]],"o":[[-58,0],[0,0],[57.499,1.065],[0,0]],"v":[[12.25,38],[-62,70.5],[10,104.5],[85,71]],"c":true}]},{"i":{"x":0.833,"y":0.833},"o":{"x":0.167,"y":0.167},"n":"0p833_0p833_0p167_0p167","t":35,"s":[{"i":[[58.078,0],[0,0],[-54,-1],[0,0]],"o":[[-58,0],[0,0],[57.499,1.065],[0,0]],"v":[[12.25,38],[-62,70.5],[10,104.5],[85,71]],"c":true}],"e":[{"i":[[58.078,0],[0,0],[-44.993,-0.818],[0,0]],"o":[[-58,0],[0,0],[55,1],[0,0]],"v":[[11,11],[-56,52],[9,95],[83,52]],"c":true}]},{"i":{"x":0.833,"y":0.833},"o":{"x":0.167,"y":0.167},"n":"0p833_0p833_0p167_0p167","t":36,"s":[{"i":[[58.078,0],[0,0],[-44.993,-0.818],[0,0]],"o":[[-58,0],[0,0],[55,1],[0,0]],"v":[[11,11],[-56,52],[9,95],[83,52]],"c":true}],"e":[{"i":[[43.186,0],[0,0],[-33.456,-0.818],[0,0]],"o":[[-43.128,0],[0,0],[40.897,1],[0,0]],"v":[[4.321,7.5],[-45.5,48.5],[2.833,91.5],[56,48.5]],"c":true}]},{"i":{"x":0.833,"y":0.833},"o":{"x":0.167,"y":0.167},"n":"0p833_0p833_0p167_0p167","t":37,"s":[{"i":[[43.186,0],[0,0],[-33.456,-0.818],[0,0]],"o":[[-43.128,0],[0,0],[40.897,1],[0,0]],"v":[[4.321,7.5],[-45.5,48.5],[2.833,91.5],[56,48.5]],"c":true}],"e":[{"i":[[34.038,0],[0,0],[-26.369,-0.544],[0,0]],"o":[[-33.993,0],[0,0],[32.234,0.665],[0,0]],"v":[[16.267,70],[-23,97.253],[15.095,125.835],[57,97.253]],"c":true}]},{"i":{"x":0.833,"y":0.833},"o":{"x":0.167,"y":0.167},"n":"0p833_0p833_0p167_0p167","t":38,"s":[{"i":[[34.038,0],[0,0],[-26.369,-0.544],[0,0]],"o":[[-33.993,0],[0,0],[32.234,0.665],[0,0]],"v":[[16.267,70],[-23,97.253],[15.095,125.835],[57,97.253]],"c":true}],"e":[{"i":[[23.418,-3.033],[0,0],[-18.196,1.935],[0,0]],"o":[[-23.387,3.029],[0,0],[22.243,-2.365],[0,0]],"v":[[32.952,68.245],[8.631,92.553],[37.668,110.982],[63.672,85.424]],"c":true}]},{"i":{"x":0.833,"y":0.833},"o":{"x":0.167,"y":0.167},"n":"0p833_0p833_0p167_0p167","t":39,"s":[{"i":[[23.418,-3.033],[0,0],[-18.196,1.935],[0,0]],"o":[[-23.387,3.029],[0,0],[22.243,-2.365],[0,0]],"v":[[32.952,68.245],[8.631,92.553],[37.668,110.982],[63.672,85.424]],"c":true}],"e":[{"i":[[23.071,0],[0,0],[-17.873,-0.259],[0,0]],"o":[[-23.04,0],[0,0],[21.848,0.317],[0,0]],"v":[[39.115,56],[12.5,68.977],[38.321,82.587],[66.724,68.977]],"c":true}]},{"i":{"x":0.833,"y":0.833},"o":{"x":0.167,"y":0.167},"n":"0p833_0p833_0p167_0p167","t":40,"s":[{"i":[[23.071,0],[0,0],[-17.873,-0.259],[0,0]],"o":[[-23.04,0],[0,0],[21.848,0.317],[0,0]],"v":[[39.115,56],[12.5,68.977],[38.321,82.587],[66.724,68.977]],"c":true}],"e":[{"i":[[15.104,0],[0,0],[-11.701,-0.222],[0,0]],"o":[[-15.084,0],[0,0],[14.304,0.272],[0,0]],"v":[[36.252,43.5],[18.5,46.391],[35.077,53.632],[54,46.391]],"c":true}]},{"t":41}]},"nm":"Path 1","mn":"ADBE Vector Shape - Group"},{"ty":"fl","c":{"k":[1,1,1,1]},"o":{"k":100},"nm":"Fill 1","mn":"ADBE Vector Graphic - Fill"},{"ty":"tr","p":{"k":[0,0],"ix":2},"a":{"k":[0,0],"ix":1},"s":{"k":[100,100],"ix":3},"r":{"k":0,"ix":6},"o":{"k":100,"ix":7},"sk":{"k":0,"ix":4},"sa":{"k":0,"ix":5},"nm":"Transform"}],"nm":"Shape 1","np":3,"mn":"ADBE Vector Group"}],"ip":1,"op":42,"st":0,"bm":0,"sr":1},{"ddd":0,"ind":1,"ty":4,"nm":"Spark","ks":{"o":{"k":100},"r":{"k":0},"p":{"k":[400,360,0]},"a":{"k":[0,0,0]},"s":{"k":[100,100,100]}},"ao":0,"shapes":[{"ty":"gr","it":[{"ind":0,"ty":"sh","ks":{"k":[{"i":{"x":0.833,"y":0.833},"o":{"x":0.167,"y":0.167},"n":"0p833_0p833_0p167_0p167","t":29,"s":[{"i":[[2,-1],[1,-23],[5.979,15.945]],"o":[[-2,1],[-1,23],[-6,-16]],"v":[[-87,-133],[-80,-83],[-75,-108]],"c":true}],"e":[{"i":[[1.778,-0.889],[-2.667,-13.111],[5.333,16.222]],"o":[[-1.778,0.889],[2.068,10.167],[-4.744,-14.429]],"v":[[-91.222,-179.861],[-81.445,-149.417],[-82.111,-164.973]],"c":true}]},{"i":{"x":0.833,"y":0.833},"o":{"x":0.167,"y":0.167},"n":"0p833_0p833_0p167_0p167","t":30,"s":[{"i":[[1.778,-0.889],[-2.667,-13.111],[5.333,16.222]],"o":[[-1.778,0.889],[2.068,10.167],[-4.744,-14.429]],"v":[[-91.222,-179.861],[-81.445,-149.417],[-82.111,-164.973]],"c":true}],"e":[{"i":[[2.554,0.699],[0.513,-10.819],[1.515,15.305]],"o":[[-1.552,-0.425],[-0.55,11.602],[-0.706,-7.13]],"v":[[-81.054,-199.949],[-85.2,-181.602],[-82.265,-183.305]],"c":true}]},{"i":{"x":0.833,"y":0.833},"o":{"x":0.167,"y":0.167},"n":"0p833_0p833_0p167_0p167","t":32,"s":[{"i":[[2.554,0.699],[0.513,-10.819],[1.515,15.305]],"o":[[-1.552,-0.425],[-0.55,11.602],[-0.706,-7.13]],"v":[[-81.054,-199.949],[-85.2,-181.602],[-82.265,-183.305]],"c":true}],"e":[{"i":[[0.674,-0.111],[1.016,-4.482],[-0.996,6.245]],"o":[[-0.674,0.111],[-0.927,4.088],[0.479,-3.002]],"v":[[-81.345,-204.35],[-82.573,-196.564],[-81.116,-198.56]],"c":true}]},{"t":33}]},"nm":"Path 1","mn":"ADBE Vector Shape - Group"},{"ty":"fl","c":{"k":[0.99,0.79,0.15,1]},"o":{"k":100},"nm":"Fill 1","mn":"ADBE Vector Graphic - Fill"},{"ty":"tr","p":{"k":[0,0],"ix":2},"a":{"k":[0,0],"ix":1},"s":{"k":[100,100],"ix":3},"r":{"k":0,"ix":6},"o":{"k":100,"ix":7},"sk":{"k":0,"ix":4},"sa":{"k":0,"ix":5},"nm":"Transform"}],"nm":"Shape 1","np":3,"mn":"ADBE Vector Group"}],"ip":29,"op":33,"st":18,"bm":0,"sr":1},{"ddd":0,"ind":2,"ty":4,"nm":"Spark2","ks":{"o":{"k":100},"r":{"k":0},"p":{"k":[400,300,0]},"a":{"k":[0,0,0]},"s":{"k":[100,100,100]}},"ao":0,"shapes":[{"ty":"gr","it":[{"ind":0,"ty":"sh","ks":{"k":[{"i":{"x":0.833,"y":0.833},"o":{"x":0.167,"y":0.167},"n":"0p833_0p833_0p167_0p167","t":11,"s":[{"i":[[2,-1],[1,-23],[5.979,15.945]],"o":[[-2,1],[-1,23],[-6,-16]],"v":[[-87,-133],[-80,-83],[-75,-108]],"c":true}],"e":[{"i":[[1.778,-0.889],[-2.667,-13.111],[5.333,16.222]],"o":[[-1.778,0.889],[2.068,10.167],[-4.744,-14.429]],"v":[[-91.222,-179.861],[-81.445,-149.417],[-82.111,-164.973]],"c":true}]},{"i":{"x":0.833,"y":0.833},"o":{"x":0.167,"y":0.167},"n":"0p833_0p833_0p167_0p167","t":12,"s":[{"i":[[1.778,-0.889],[-2.667,-13.111],[5.333,16.222]],"o":[[-1.778,0.889],[2.068,10.167],[-4.744,-14.429]],"v":[[-91.222,-179.861],[-81.445,-149.417],[-82.111,-164.973]],"c":true}],"e":[{"i":[[2.554,0.699],[0.513,-10.819],[1.515,15.305]],"o":[[-1.552,-0.425],[-0.55,11.602],[-0.706,-7.13]],"v":[[-81.054,-199.949],[-85.2,-181.602],[-82.265,-183.305]],"c":true}]},{"i":{"x":0.833,"y":0.833},"o":{"x":0.167,"y":0.167},"n":"0p833_0p833_0p167_0p167","t":14,"s":[{"i":[[2.554,0.699],[0.513,-10.819],[1.515,15.305]],"o":[[-1.552,-0.425],[-0.55,11.602],[-0.706,-7.13]],"v":[[-81.054,-199.949],[-85.2,-181.602],[-82.265,-183.305]],"c":true}],"e":[{"i":[[0.674,-0.111],[1.016,-4.482],[-0.996,6.245]],"o":[[-0.674,0.111],[-0.927,4.088],[0.479,-3.002]],"v":[[-81.345,-204.35],[-82.573,-196.564],[-81.116,-198.56]],"c":true}]},{"t":15}]},"nm":"Path 1","mn":"ADBE Vector Shape - Group"},{"ty":"fl","c":{"k":[0.99,0.79,0.15,1]},"o":{"k":100},"nm":"Fill 1","mn":"ADBE Vector Graphic - Fill"},{"ty":"tr","p":{"k":[0,0],"ix":2},"a":{"k":[0,0],"ix":1},"s":{"k":[100,100],"ix":3},"r":{"k":0,"ix":6},"o":{"k":100,"ix":7},"sk":{"k":0,"ix":4},"sa":{"k":0,"ix":5},"nm":"Transform"}],"nm":"Shape 1","np":3,"mn":"ADBE Vector Group"}],"ip":11,"op":15,"st":0,"bm":0,"sr":1},{"ddd":0,"ind":3,"ty":4,"nm":"Spark3","ks":{"o":{"k":100},"r":{"k":0},"p":{"k":[330,290,0]},"a":{"k":[0,0,0]},"s":{"k":[100,100,100]}},"ao":0,"shapes":[{"ty":"gr","it":[{"ind":0,"ty":"sh","ks":{"k":[{"i":{"x":0.833,"y":0.833},"o":{"x":0.167,"y":0.167},"n":"0p833_0p833_0p167_0p167","t":23,"s":[{"i":[[5,-2],[-10,4]],"o":[[-5,2],[10,-4]],"v":[[42,-30],[47,-18]],"c":true}],"e":[{"i":[[0.5,-0.889],[-1,1.778]],"o":[[-0.5,0.889],[1,-1.778]],"v":[[46.5,-66.111],[47,-60.778]],"c":true}]},{"i":{"x":0.833,"y":0.833},"o":{"x":0.167,"y":0.167},"n":"0p833_0p833_0p167_0p167","t":24,"s":[{"i":[[0.5,-0.889],[-1,1.778]],"o":[[-0.5,0.889],[1,-1.778]],"v":[[46.5,-66.111],[47,-60.778]],"c":true}],"e":[{"i":[[0.5,-0.889],[-1,1.778]],"o":[[-0.5,0.889],[1,-1.778]],"v":[[31.5,-96.611],[32,-91.278]],"c":true}]},{"i":{"x":0.833,"y":0.833},"o":{"x":0.167,"y":0.167},"n":"0p833_0p833_0p167_0p167","t":25,"s":[{"i":[[0.5,-0.889],[-1,1.778]],"o":[[-0.5,0.889],[1,-1.778]],"v":[[31.5,-96.611],[32,-91.278]],"c":true}],"e":[{"i":[[0.125,-0.222],[-0.25,0.444]],"o":[[-0.125,0.222],[0.25,-0.444]],"v":[[27.625,-127.778],[27.75,-126.444]],"c":true}]},{"t":26}]},"nm":"Path 1","mn":"ADBE Vector Shape - Group"},{"ty":"fl","c":{"k":[0.99,0.79,0.15,1]},"o":{"k":100},"nm":"Fill 1","mn":"ADBE Vector Graphic - Fill"},{"ty":"tr","p":{"k":[0,0],"ix":2},"a":{"k":[0,0],"ix":1},"s":{"k":[100,100],"ix":3},"r":{"k":0,"ix":6},"o":{"k":100,"ix":7},"sk":{"k":0,"ix":4},"sa":{"k":0,"ix":5},"nm":"Transform"}],"nm":"Shape 2","np":3,"mn":"ADBE Vector Group"},{"ty":"gr","it":[{"ind":0,"ty":"sh","ks":{"k":[{"i":{"x":0.833,"y":0.833},"o":{"x":0.167,"y":0.167},"n":"0p833_0p833_0p167_0p167","t":23,"s":[{"i":[[-0.601,12.027],[5,-21],[-4,0]],"o":[[1,-20],[-3.482,14.625],[4,0]],"v":[[52,-150],[41,-148],[46,-127]],"c":true}],"e":[{"i":[[-0.407,8.143],[3.385,-14.218],[-2.708,0]],"o":[[0.677,-13.541],[-2.357,9.901],[2.708,0]],"v":[[47.323,-186.459],[39.875,-185.105],[43.261,-170.887]],"c":true}]},{"i":{"x":0.833,"y":0.833},"o":{"x":0.167,"y":0.167},"n":"0p833_0p833_0p167_0p167","t":24,"s":[{"i":[[-0.407,8.143],[3.385,-14.218],[-2.708,0]],"o":[[0.677,-13.541],[-2.357,9.901],[2.708,0]],"v":[[47.323,-186.459],[39.875,-185.105],[43.261,-170.887]],"c":true}],"e":[{"i":[[-1.531,8.003],[4.56,-13.682],[-1.91,-0.295]],"o":[[2.546,-13.308],[-3.175,9.528],[1.91,0.295]],"v":[[48.634,-219.95],[43.173,-219.423],[43.389,-205.003]],"c":true}]},{"i":{"x":0.833,"y":0.833},"o":{"x":0.167,"y":0.167},"n":"0p833_0p833_0p167_0p167","t":25,"s":[{"i":[[-1.531,8.003],[4.56,-13.682],[-1.91,-0.295]],"o":[[2.546,-13.308],[-3.175,9.528],[1.91,0.295]],"v":[[48.634,-219.95],[43.173,-219.423],[43.389,-205.003]],"c":true}],"e":[{"i":[[-0.959,5.011],[2.855,-8.568],[-1.196,-0.185]],"o":[[1.594,-8.334],[-1.989,5.967],[1.196,0.185]],"v":[[47.406,-263.924],[43.986,-263.594],[44.122,-254.564]],"c":true}]},{"t":26}]},"nm":"Path 1","mn":"ADBE Vector Shape - Group"},{"ty":"fl","c":{"k":[0.99,0.79,0.15,1]},"o":{"k":100},"nm":"Fill 1","mn":"ADBE Vector Graphic - Fill"},{"ty":"tr","p":{"k":[0,0],"ix":2},"a":{"k":[0,0],"ix":1},"s":{"k":[100,100],"ix":3},"r":{"k":0,"ix":6},"o":{"k":100,"ix":7},"sk":{"k":0,"ix":4},"sa":{"k":0,"ix":5},"nm":"Transform"}],"nm":"Shape 1","np":3,"mn":"ADBE Vector Group"}],"ip":23,"op":26,"st":13,"bm":0,"sr":1},{"ddd":0,"ind":4,"ty":4,"nm":"Spark4","ks":{"o":{"k":100},"r":{"k":0},"p":{"k":[400,300,0]},"a":{"k":[0,0,0]},"s":{"k":[100,100,100]}},"ao":0,"shapes":[{"ty":"gr","it":[{"ind":0,"ty":"sh","ks":{"k":[{"i":{"x":0.833,"y":0.833},"o":{"x":0.167,"y":0.167},"n":"0p833_0p833_0p167_0p167","t":10,"s":[{"i":[[5,-2],[-10,4]],"o":[[-5,2],[10,-4]],"v":[[42,-30],[47,-18]],"c":true}],"e":[{"i":[[0.5,-0.889],[-1,1.778]],"o":[[-0.5,0.889],[1,-1.778]],"v":[[46.5,-66.111],[47,-60.778]],"c":true}]},{"i":{"x":0.833,"y":0.833},"o":{"x":0.167,"y":0.167},"n":"0p833_0p833_0p167_0p167","t":11,"s":[{"i":[[0.5,-0.889],[-1,1.778]],"o":[[-0.5,0.889],[1,-1.778]],"v":[[46.5,-66.111],[47,-60.778]],"c":true}],"e":[{"i":[[0.5,-0.889],[-1,1.778]],"o":[[-0.5,0.889],[1,-1.778]],"v":[[31.5,-96.611],[32,-91.278]],"c":true}]},{"i":{"x":0.833,"y":0.833},"o":{"x":0.167,"y":0.167},"n":"0p833_0p833_0p167_0p167","t":12,"s":[{"i":[[0.5,-0.889],[-1,1.778]],"o":[[-0.5,0.889],[1,-1.778]],"v":[[31.5,-96.611],[32,-91.278]],"c":true}],"e":[{"i":[[0.125,-0.222],[-0.25,0.444]],"o":[[-0.125,0.222],[0.25,-0.444]],"v":[[27.625,-127.778],[27.75,-126.444]],"c":true}]},{"t":13}]},"nm":"Path 1","mn":"ADBE Vector Shape - Group"},{"ty":"fl","c":{"k":[0.99,0.79,0.15,1]},"o":{"k":100},"nm":"Fill 1","mn":"ADBE Vector Graphic - Fill"},{"ty":"tr","p":{"k":[0,0],"ix":2},"a":{"k":[0,0],"ix":1},"s":{"k":[100,100],"ix":3},"r":{"k":0,"ix":6},"o":{"k":100,"ix":7},"sk":{"k":0,"ix":4},"sa":{"k":0,"ix":5},"nm":"Transform"}],"nm":"Shape 2","np":3,"mn":"ADBE Vector Group"},{"ty":"gr","it":[{"ind":0,"ty":"sh","ks":{"k":[{"i":{"x":0.833,"y":0.833},"o":{"x":0.167,"y":0.167},"n":"0p833_0p833_0p167_0p167","t":10,"s":[{"i":[[-0.601,12.027],[5,-21],[-4,0]],"o":[[1,-20],[-3.482,14.625],[4,0]],"v":[[52,-150],[41,-148],[46,-127]],"c":true}],"e":[{"i":[[-0.407,8.143],[3.385,-14.218],[-2.708,0]],"o":[[0.677,-13.541],[-2.357,9.901],[2.708,0]],"v":[[47.323,-186.459],[39.875,-185.105],[43.261,-170.887]],"c":true}]},{"i":{"x":0.833,"y":0.833},"o":{"x":0.167,"y":0.167},"n":"0p833_0p833_0p167_0p167","t":11,"s":[{"i":[[-0.407,8.143],[3.385,-14.218],[-2.708,0]],"o":[[0.677,-13.541],[-2.357,9.901],[2.708,0]],"v":[[47.323,-186.459],[39.875,-185.105],[43.261,-170.887]],"c":true}],"e":[{"i":[[-1.531,8.003],[4.56,-13.682],[-1.91,-0.295]],"o":[[2.546,-13.308],[-3.175,9.528],[1.91,0.295]],"v":[[48.634,-219.95],[43.173,-219.423],[43.389,-205.003]],"c":true}]},{"i":{"x":0.833,"y":0.833},"o":{"x":0.167,"y":0.167},"n":"0p833_0p833_0p167_0p167","t":12,"s":[{"i":[[-1.531,8.003],[4.56,-13.682],[-1.91,-0.295]],"o":[[2.546,-13.308],[-3.175,9.528],[1.91,0.295]],"v":[[48.634,-219.95],[43.173,-219.423],[43.389,-205.003]],"c":true}],"e":[{"i":[[-0.959,5.011],[2.855,-8.568],[-1.196,-0.185]],"o":[[1.594,-8.334],[-1.989,5.967],[1.196,0.185]],"v":[[47.406,-263.924],[43.986,-263.594],[44.122,-254.564]],"c":true}]},{"t":13}]},"nm":"Path 1","mn":"ADBE Vector Shape - Group"},{"ty":"fl","c":{"k":[0.99,0.79,0.15,1]},"o":{"k":100},"nm":"Fill 1","mn":"ADBE Vector Graphic - Fill"},{"ty":"tr","p":{"k":[0,0],"ix":2},"a":{"k":[0,0],"ix":1},"s":{"k":[100,100],"ix":3},"r":{"k":0,"ix":6},"o":{"k":100,"ix":7},"sk":{"k":0,"ix":4},"sa":{"k":0,"ix":5},"nm":"Transform"}],"nm":"Shape 1","np":3,"mn":"ADBE Vector Group"}],"ip":10,"op":13,"st":0,"bm":0,"sr":1},{"ddd":0,"ind":5,"ty":4,"nm":"flame1","ks":{"o":{"k":100},"r":{"k":0},"p":{"k":[400,300,0]},"a":{"k":[0,0,0]},"s":{"k":[100,100,100]}},"ao":0,"shapes":[{"ty":"gr","it":[{"ind":0,"ty":"sh","ks":{"k":[{"i":{"x":0.667,"y":1},"o":{"x":0.333,"y":0},"n":"0p667_1_0p333_0","t":0,"s":[{"i":[[0,0],[0.552,-0.122],[0.168,-0.061],[0.563,-0.225],[0.612,-0.275],[-0.78,-0.275],[-1.192,0.003],[-1.123,0.229],[0.024,0.193],[0.095,0.108],[0.562,0.12],[0.208,0.139]],"o":[[0,0],[-0.486,0.107],[-0.513,0.187],[-0.446,0.178],[-0.44,0.198],[0.461,0.163],[3.052,-0.007],[1.21,-0.247],[-0.022,-0.182],[-0.095,-0.108],[-0.396,-0.085],[-0.376,-0.252]],"v":[[-21.808,197],[-24.813,197.225],[-25.658,197.545],[-26.793,198.044],[-27.56,198.467],[-26.924,199.047],[-21.556,199.3],[-15.537,198.951],[-15.519,198.368],[-16.181,197.887],[-17.222,197.559],[-18.227,197.283]],"c":true}],"e":[{"i":[[0,0],[0.786,-17.15],[1.824,-7.798],[2.204,-29.497],[2.449,-20.196],[-8.326,-35.077],[-12.285,0.366],[-3.428,35.077],[4.244,21.063],[0.98,13.818],[5.794,15.35],[-3.301,20.517]],"o":[[0,0],[-1.002,21.86],[-2.289,9.783],[-2.088,27.944],[-2.449,20.196],[8.326,35.077],[31.446,-0.937],[3.428,-35.077],[-4.546,-22.561],[-0.98,-13.818],[-4.084,-10.819],[5.141,-31.951]],"v":[[-25.038,-97],[-47.998,-75.86],[-48.711,-33.783],[-57.404,4.462],[-69.302,66.566],[-61.751,148.042],[-28.446,196.937],[18.572,126.783],[17.756,59.937],[6.94,11.287],[-2.794,-38.35],[-1.141,-71.049]],"c":true}]},{"i":{"x":0.667,"y":1},"o":{"x":0.333,"y":0},"n":"0p667_1_0p333_0","t":2,"s":[{"i":[[0,0],[0.786,-17.15],[1.824,-7.798],[2.204,-29.497],[2.449,-20.196],[-8.326,-35.077],[-12.285,0.366],[-3.428,35.077],[4.244,21.063],[0.98,13.818],[5.794,15.35],[-3.301,20.517]],"o":[[0,0],[-1.002,21.86],[-2.289,9.783],[-2.088,27.944],[-2.449,20.196],[8.326,35.077],[31.446,-0.937],[3.428,-35.077],[-4.546,-22.561],[-0.98,-13.818],[-4.084,-10.819],[5.141,-31.951]],"v":[[-25.038,-97],[-47.998,-75.86],[-48.711,-33.783],[-57.404,4.462],[-69.302,66.566],[-61.751,148.042],[-28.446,196.937],[18.572,126.783],[17.756,59.937],[6.94,11.287],[-2.794,-38.35],[-1.141,-71.049]],"c":true}],"e":[{"i":[[0,0],[13,-15],[15,-3],[4.5,-27.75],[5,-19],[-17,-33],[-25,1],[-7,33],[18,20],[2,13],[16,8],[-10,19]],"o":[[0,0],[-13,15],[-15,3],[-4.263,26.29],[-5,19],[17,33],[25,-1],[7,-33],[-18,-20],[-2,-13],[-16,-8],[10,-19]],"v":[[-5,-150],[-9,-116],[-37,-83],[-67,-59.25],[-77,2],[-82,89],[-14,135],[82,69],[64,-8],[46,-66],[20,-92],[5,-119]],"c":true}]},{"t":4}]},"nm":"Path 1","mn":"ADBE Vector Shape - Group"},{"ty":"fl","c":{"k":[0.99,0.79,0.15,1]},"o":{"k":100},"nm":"Fill 1","mn":"ADBE Vector Graphic - Fill"},{"ty":"tr","p":{"k":[0,0],"ix":2},"a":{"k":[0,0],"ix":1},"s":{"k":[100,100],"ix":3},"r":{"k":0,"ix":6},"o":{"k":100,"ix":7},"sk":{"k":0,"ix":4},"sa":{"k":0,"ix":5},"nm":"Transform"}],"nm":"Shape 1","np":3,"mn":"ADBE Vector Group"},{"ty":"gf","o":{"k":100},"g":{"p":2,"k":{"k":[0,1,1,1,1,0,0,0]}},"s":{"k":[0,0]},"e":{"k":[100,0]},"t":1,"nm":"Gradient Fill 1","mn":"ADBE Vector Graphic - G-Fill"}],"ip":0,"op":4,"st":0,"bm":0,"sr":1},{"ddd":0,"ind":6,"ty":4,"nm":"flame2","ks":{"o":{"k":100},"r":{"k":0},"p":{"k":[400,300,0]},"a":{"k":[0,0,0]},"s":{"k":[100,100,100]}},"ao":0,"shapes":[{"ty":"gr","it":[{"ind":0,"ty":"sh","ks":{"k":[{"i":{"x":0.833,"y":0.833},"o":{"x":0.167,"y":0.167},"n":"0p833_0p833_0p167_0p167","t":4,"s":[{"i":[[0,0],[13,-15],[15,-3],[4.5,-27.75],[5,-19],[-17,-33],[-25,1],[-7,33],[18,20],[2,13],[16,8],[-10,19]],"o":[[0,0],[-13,15],[-15,3],[-4.263,26.29],[-5,19],[17,33],[25,-1],[7,-33],[-18,-20],[-2,-13],[-16,-8],[10,-19]],"v":[[-5,-150],[-9,-116],[-37,-83],[-67,-59.25],[-77,2],[-82,89],[-14,135],[82,69],[64,-8],[46,-66],[20,-92],[5,-119]],"c":true}],"e":[{"i":[[0,0],[13,-15],[15,-3],[4.5,-27.75],[5,-19],[-17,-33],[-25,1],[-7,33],[18,20],[2,13],[16,8],[-10,19]],"o":[[0,0],[-13,15],[-15,3],[-4.263,26.29],[-5,19],[17,33],[25,-1],[7,-33],[-18,-20],[-2,-13],[-16,-8],[10,-19]],"v":[[-5,-150],[-9,-116],[-37,-83],[-67,-59.25],[-77,2],[-82,89],[-14,135],[82,69],[64,-8],[46,-66],[20,-92],[5,-119]],"c":true}]},{"i":{"x":0.833,"y":0.833},"o":{"x":0.167,"y":0.167},"n":"0p833_0p833_0p167_0p167","t":5,"s":[{"i":[[0,0],[13,-15],[15,-3],[4.5,-27.75],[5,-19],[-17,-33],[-25,1],[-7,33],[18,20],[2,13],[16,8],[-10,19]],"o":[[0,0],[-13,15],[-15,3],[-4.263,26.29],[-5,19],[17,33],[25,-1],[7,-33],[-18,-20],[-2,-13],[-16,-8],[10,-19]],"v":[[-5,-150],[-9,-116],[-37,-83],[-67,-59.25],[-77,2],[-82,89],[-14,135],[82,69],[64,-8],[46,-66],[20,-92],[5,-119]],"c":true}],"e":[{"i":[[0,0],[12.5,9],[0.5,-14],[18.898,-20.813],[5,-19],[-18.5,-31],[-25,1],[-17,51],[16.5,36],[2.286,12.953],[15.591,8.77],[12.14,-5.396]],"o":[[0,0],[-16.108,-11.598],[-0.546,15.287],[-37,40.75],[-5,19],[19.023,31.877],[25,-1],[10.668,-32.003],[-11.211,-24.46],[-4.5,-25.5],[-8,-4.5],[-9,4]],"v":[[-21.5,-102.5],[-49,-109],[-63.5,-81.5],[-59,-16.75],[-109.5,38],[-84.5,91],[-11.5,133.5],[68.5,59.5],[70.5,-16.5],[30.5,-75],[31,-108.5],[3.5,-107]],"c":true}]},{"i":{"x":0.833,"y":0.833},"o":{"x":0.167,"y":0.167},"n":"0p833_0p833_0p167_0p167","t":6,"s":[{"i":[[0,0],[12.5,9],[0.5,-14],[18.898,-20.813],[5,-19],[-18.5,-31],[-25,1],[-17,51],[16.5,36],[2.286,12.953],[15.591,8.77],[12.14,-5.396]],"o":[[0,0],[-16.108,-11.598],[-0.546,15.287],[-37,40.75],[-5,19],[19.023,31.877],[25,-1],[10.668,-32.003],[-11.211,-24.46],[-4.5,-25.5],[-8,-4.5],[-9,4]],"v":[[-21.5,-102.5],[-49,-109],[-63.5,-81.5],[-59,-16.75],[-109.5,38],[-84.5,91],[-11.5,133.5],[68.5,59.5],[70.5,-16.5],[30.5,-75],[31,-108.5],[3.5,-107]],"c":true}],"e":[{"i":[[6.5,0.5],[12,-8],[-3,-32.5],[27.657,-5.042],[4.221,-44.325],[-22.552,-28.19],[-24.534,4.907],[-11,40],[-17.5,43.5],[7.736,10.637],[15.591,8.77],[18,16]],"o":[[-6.5,-0.5],[-16.516,11.011],[2.497,27.051],[-48,8.75],[-2,21],[20,25],[27.5,-5.5],[5.995,-21.802],[10.043,-24.963],[-16,-22],[-8,-4.5],[-7.361,-6.543]],"v":[[-26.5,-130.5],[-48,-121],[-27,-71.5],[-54,-19.75],[-111,35.5],[-90.5,104],[-14.5,136],[56.5,77.5],[68.5,-1],[61.5,-54.5],[21.5,-98.5],[0,-114.5]],"c":true}]},{"i":{"x":0.833,"y":0.833},"o":{"x":0.167,"y":0.167},"n":"0p833_0p833_0p167_0p167","t":7,"s":[{"i":[[6.5,0.5],[12,-8],[-3,-32.5],[27.657,-5.042],[4.221,-44.325],[-22.552,-28.19],[-24.534,4.907],[-11,40],[-17.5,43.5],[7.736,10.637],[15.591,8.77],[18,16]],"o":[[-6.5,-0.5],[-16.516,11.011],[2.497,27.051],[-48,8.75],[-2,21],[20,25],[27.5,-5.5],[5.995,-21.802],[10.043,-24.963],[-16,-22],[-8,-4.5],[-7.361,-6.543]],"v":[[-26.5,-130.5],[-48,-121],[-27,-71.5],[-54,-19.75],[-111,35.5],[-90.5,104],[-14.5,136],[56.5,77.5],[68.5,-1],[61.5,-54.5],[21.5,-98.5],[0,-114.5]],"c":true}],"e":[{"i":[[11,5],[17,-14.5],[45.5,-28],[14,-1.25],[4.221,-44.325],[-18.9,-30.758],[-24.9,2.449],[-1.913,41.441],[1,22.5],[-1.5,19.5],[16.812,6.113],[17.298,16.757]],"o":[[-5.935,-2.698],[-15.102,12.881],[-39.179,24.11],[-19.507,1.742],[-2,21],[25.5,41.5],[30.5,-3],[1.5,-32.5],[-0.647,-14.563],[1.115,-14.492],[-16.5,-6],[-16,-15.5]],"v":[[-23,-162.5],[-17,-117.5],[-10,-44],[-79.5,-36.75],[-106.5,14],[-83.5,106],[-3.5,139.5],[75,62.5],[43.5,-6.5],[65,-59.5],[42.5,-97],[8.5,-130.5]],"c":true}]},{"i":{"x":0.833,"y":0.833},"o":{"x":0.167,"y":0.167},"n":"0p833_0p833_0p167_0p167","t":8,"s":[{"i":[[11,5],[17,-14.5],[45.5,-28],[14,-1.25],[4.221,-44.325],[-18.9,-30.758],[-24.9,2.449],[-1.913,41.441],[1,22.5],[-1.5,19.5],[16.812,6.113],[17.298,16.757]],"o":[[-5.935,-2.698],[-15.102,12.881],[-39.179,24.11],[-19.507,1.742],[-2,21],[25.5,41.5],[30.5,-3],[1.5,-32.5],[-0.647,-14.563],[1.115,-14.492],[-16.5,-6],[-16,-15.5]],"v":[[-23,-162.5],[-17,-117.5],[-10,-44],[-79.5,-36.75],[-106.5,14],[-83.5,106],[-3.5,139.5],[75,62.5],[43.5,-6.5],[65,-59.5],[42.5,-97],[8.5,-130.5]],"c":true}],"e":[{"i":[[7.165,-3.049],[22.322,-0.99],[45.5,-28],[14,-1.25],[3.803,-44.363],[-39,-31],[-30.238,4.652],[1,46.5],[10.751,11.332],[6.766,15.337],[-15,9],[-5.721,23.394]],"o":[[-5.999,2.553],[-20.246,0.898],[-39.179,24.11],[-19.507,1.742],[-3,35],[23.86,18.966],[39,-6],[-0.699,-32.527],[-18.5,-19.5],[-7.5,-17],[21.287,-12.772],[3.534,-14.45]],"v":[[51.835,-149.451],[39.746,-115.898],[-15.5,-54],[-84,-63.75],[-91.5,37.5],[-83.5,121],[-1,150.5],[62,67.5],[57.5,4],[4.5,-22.5],[24.5,-67.5],[60.966,-110.05]],"c":true}]},{"i":{"x":0.833,"y":0.833},"o":{"x":0.167,"y":0.167},"n":"0p833_0p833_0p167_0p167","t":9,"s":[{"i":[[7.165,-3.049],[22.322,-0.99],[45.5,-28],[14,-1.25],[3.803,-44.363],[-39,-31],[-30.238,4.652],[1,46.5],[10.751,11.332],[6.766,15.337],[-15,9],[-5.721,23.394]],"o":[[-5.999,2.553],[-20.246,0.898],[-39.179,24.11],[-19.507,1.742],[-3,35],[23.86,18.966],[39,-6],[-0.699,-32.527],[-18.5,-19.5],[-7.5,-17],[21.287,-12.772],[3.534,-14.45]],"v":[[51.835,-149.451],[39.746,-115.898],[-15.5,-54],[-84,-63.75],[-91.5,37.5],[-83.5,121],[-1,150.5],[62,67.5],[57.5,4],[4.5,-22.5],[24.5,-67.5],[60.966,-110.05]],"c":true}],"e":[{"i":[[4.665,24.951],[3.254,-0.602],[1.5,-30.5],[6,-28.25],[-24,-35.5],[-17,-27.955],[-30.238,4.652],[1,46.5],[10.751,11.332],[11.5,6.5],[13,7],[19.034,9.55]],"o":[[-0.845,-4.519],[-5.815,1.075],[-1.01,20.53],[-4.372,20.584],[18.563,27.458],[22.5,37],[39,-6],[-0.699,-32.527],[-18.5,-19.5],[-16.176,-9.143],[-15.402,-8.293],[-13.296,-6.671]],"v":[[-71.165,-74.951],[-86.254,-102.398],[-85.5,-37],[-72.5,9.25],[-92.5,70],[-62.5,134.5],[12.5,167.5],[75.5,84.5],[54.5,34],[18,8],[-11,-10],[-48.534,-28.55]],"c":true}]},{"i":{"x":0.833,"y":0.833},"o":{"x":0.167,"y":0.167},"n":"0p833_0p833_0p167_0p167","t":10,"s":[{"i":[[4.665,24.951],[3.254,-0.602],[1.5,-30.5],[6,-28.25],[-24,-35.5],[-17,-27.955],[-30.238,4.652],[1,46.5],[10.751,11.332],[11.5,6.5],[13,7],[19.034,9.55]],"o":[[-0.845,-4.519],[-5.815,1.075],[-1.01,20.53],[-4.372,20.584],[18.563,27.458],[22.5,37],[39,-6],[-0.699,-32.527],[-18.5,-19.5],[-16.176,-9.143],[-15.402,-8.293],[-13.296,-6.671]],"v":[[-71.165,-74.951],[-86.254,-102.398],[-85.5,-37],[-72.5,9.25],[-92.5,70],[-62.5,134.5],[12.5,167.5],[75.5,84.5],[54.5,34],[18,8],[-11,-10],[-48.534,-28.55]],"c":true}],"e":[{"i":[[11.665,-1.049],[11.33,-9.585],[0,-8.515],[-7.5,-10.25],[4.553,-24.587],[-16.368,-28.33],[-30.459,2.874],[-20,19.5],[15,19],[7,9.5],[10.5,4.5],[14.034,9.55]],"o":[[-12.795,1.151],[-15.246,12.898],[0,10],[10.769,14.717],[-5,27],[13,22.5],[26.5,-2.5],[23.772,-23.177],[-16.656,-21.097],[-11.022,-14.959],[-16.079,-6.891],[-18.159,-12.357]],"v":[[-35.165,-37.451],[-63.254,-7.398],[-84,15.5],[-56.5,27.75],[-66.5,86],[-56.5,151],[15,184.5],[74,150],[80.5,77],[54,33],[27,10],[-8.534,-6.05]],"c":true}]},{"i":{"x":0.833,"y":0.833},"o":{"x":0.167,"y":0.167},"n":"0p833_0p833_0p167_0p167","t":11,"s":[{"i":[[11.665,-1.049],[11.33,-9.585],[0,-8.515],[-7.5,-10.25],[4.553,-24.587],[-16.368,-28.33],[-30.459,2.874],[-20,19.5],[15,19],[7,9.5],[10.5,4.5],[14.034,9.55]],"o":[[-12.795,1.151],[-15.246,12.898],[0,10],[10.769,14.717],[-5,27],[13,22.5],[26.5,-2.5],[23.772,-23.177],[-16.656,-21.097],[-11.022,-14.959],[-16.079,-6.891],[-18.159,-12.357]],"v":[[-35.165,-37.451],[-63.254,-7.398],[-84,15.5],[-56.5,27.75],[-66.5,86],[-56.5,151],[15,184.5],[74,150],[80.5,77],[54,33],[27,10],[-8.534,-6.05]],"c":true}],"e":[{"i":[[10.165,-7.049],[2.254,-13.102],[7,-9],[7.838,-9.994],[-1.5,-16],[-19.775,-26.067],[-30.459,2.874],[-20,19.5],[10,21.5],[15.5,10],[5.5,15.5],[20.534,-3.95]],"o":[[-10.557,7.321],[-1.105,6.424],[-6.139,7.894],[-10,12.75],[1.314,14.019],[11,14.5],[26.5,-2.5],[23.772,-23.177],[-11.336,-24.372],[-15.614,-10.073],[-5.85,-16.486],[-9.928,1.91]],"v":[[-26.165,2.549],[-36.754,38.102],[-45,56.5],[-62,75.75],[-75,111.5],[-49.5,168],[16,194.5],[74,158],[92.5,93],[61.5,46.5],[36.5,9],[3.966,-13.55]],"c":true}]},{"i":{"x":0.833,"y":0.833},"o":{"x":0.167,"y":0.167},"n":"0p833_0p833_0p167_0p167","t":12,"s":[{"i":[[10.165,-7.049],[2.254,-13.102],[7,-9],[7.838,-9.994],[-1.5,-16],[-19.775,-26.067],[-30.459,2.874],[-20,19.5],[10,21.5],[15.5,10],[5.5,15.5],[20.534,-3.95]],"o":[[-10.557,7.321],[-1.105,6.424],[-6.139,7.894],[-10,12.75],[1.314,14.019],[11,14.5],[26.5,-2.5],[23.772,-23.177],[-11.336,-24.372],[-15.614,-10.073],[-5.85,-16.486],[-9.928,1.91]],"v":[[-26.165,2.549],[-36.754,38.102],[-45,56.5],[-62,75.75],[-75,111.5],[-49.5,168],[16,194.5],[74,158],[92.5,93],[61.5,46.5],[36.5,9],[3.966,-13.55]],"c":true}],"e":[{"i":[[9.03,7.125],[1.754,-12.102],[2.609,-19.753],[18,-16.75],[0.584,-16.06],[-19.775,-26.066],[-30.193,4.941],[-20,19.5],[6.18,19.775],[18.576,5.308],[13.661,5.465],[-2.973,12.2]],"o":[[-10.835,-8.549],[-1.682,11.603],[-3.5,26.5],[-11.862,11.039],[-1,27.5],[11,14.5],[27.5,-4.5],[23.772,-23.177],[-7.5,-24],[-14,-4],[-7.5,-3],[3.034,-12.45]],"v":[[22.335,-41.451],[-21.254,-25.898],[-11,11.5],[-57.5,52.25],[-76,100.5],[-48,179.5],[23,202.5],[87.5,161],[102.5,96],[60,23.5],[31,35],[18.966,-9.05]],"c":true}]},{"i":{"x":0.833,"y":0.833},"o":{"x":0.167,"y":0.167},"n":"0p833_0p833_0p167_0p167","t":13,"s":[{"i":[[9.03,7.125],[1.754,-12.102],[2.609,-19.753],[18,-16.75],[0.584,-16.06],[-19.775,-26.066],[-30.193,4.941],[-20,19.5],[6.18,19.775],[18.576,5.308],[13.661,5.465],[-2.973,12.2]],"o":[[-10.835,-8.549],[-1.682,11.603],[-3.5,26.5],[-11.862,11.039],[-1,27.5],[11,14.5],[27.5,-4.5],[23.772,-23.177],[-7.5,-24],[-14,-4],[-7.5,-3],[3.034,-12.45]],"v":[[22.335,-41.451],[-21.254,-25.898],[-11,11.5],[-57.5,52.25],[-76,100.5],[-48,179.5],[23,202.5],[87.5,161],[102.5,96],[60,23.5],[31,35],[18.966,-9.05]],"c":true}],"e":[{"i":[[11.165,-2.549],[10.727,5.246],[11,-2],[0.5,-23.75],[4.5,-21.001],[-7.271,-10.47],[-19.5,0],[-10.932,7.809],[-7,16.5],[2.5,24],[11.947,4.155],[10.034,-4.45]],"o":[[-13.455,3.072],[-24.746,-12.102],[-15.439,2.807],[-0.479,22.767],[-6.108,28.507],[12.5,18],[22.091,0],[21,-15],[9.82,-23.148],[-2.521,-24.2],[-11.5,-4],[-11.714,5.195]],"v":[[23.835,44.549],[-7.254,39.102],[-43.5,21],[-55,58.75],[-66,113.501],[-56.5,171],[-5,207.5],[48.5,197],[83.5,153],[98.5,90.5],[75.5,27.5],[49.966,34.95]],"c":true}]},{"i":{"x":0.833,"y":0.833},"o":{"x":0.167,"y":0.167},"n":"0p833_0p833_0p167_0p167","t":14,"s":[{"i":[[11.165,-2.549],[10.727,5.246],[11,-2],[0.5,-23.75],[4.5,-21.001],[-7.271,-10.47],[-19.5,0],[-10.932,7.809],[-7,16.5],[2.5,24],[11.947,4.155],[10.034,-4.45]],"o":[[-13.455,3.072],[-24.746,-12.102],[-15.439,2.807],[-0.479,22.767],[-6.108,28.507],[12.5,18],[22.091,0],[21,-15],[9.82,-23.148],[-2.521,-24.2],[-11.5,-4],[-11.714,5.195]],"v":[[23.835,44.549],[-7.254,39.102],[-43.5,21],[-55,58.75],[-66,113.501],[-56.5,171],[-5,207.5],[48.5,197],[83.5,153],[98.5,90.5],[75.5,27.5],[49.966,34.95]],"c":true}],"e":[{"i":[[31.665,-8.549],[7.254,5.398],[11,-2],[0.5,-23.75],[4.5,-21.001],[-7.271,-10.47],[-16.5,-3],[-12.368,5.247],[-7,24],[-1.268,24.096],[2.351,12.428],[10.922,-1.095]],"o":[[-13.325,3.597],[-22.099,-16.445],[-15.439,2.807],[-0.479,22.767],[-6.108,28.507],[12.5,18],[21.734,3.952],[16.5,-7],[9.886,-33.894],[0.5,-9.5],[-3.5,-18.5],[-15.466,1.55]],"v":[[28.335,32.549],[-11.754,24.102],[-39.5,-11.5],[-42.5,48.75],[-66,113.501],[-56.5,171],[-11,203],[50,194],[92.5,153],[87,90.5],[95.5,45.5],[71.966,-3.55]],"c":true}]},{"i":{"x":0.833,"y":0.833},"o":{"x":0.167,"y":0.167},"n":"0p833_0p833_0p167_0p167","t":15,"s":[{"i":[[31.665,-8.549],[7.254,5.398],[11,-2],[0.5,-23.75],[4.5,-21.001],[-7.271,-10.47],[-16.5,-3],[-12.368,5.247],[-7,24],[-1.268,24.096],[2.351,12.428],[10.922,-1.095]],"o":[[-13.325,3.597],[-22.099,-16.445],[-15.439,2.807],[-0.479,22.767],[-6.108,28.507],[12.5,18],[21.734,3.952],[16.5,-7],[9.886,-33.894],[0.5,-9.5],[-3.5,-18.5],[-15.466,1.55]],"v":[[28.335,32.549],[-11.754,24.102],[-39.5,-11.5],[-42.5,48.75],[-66,113.501],[-56.5,171],[-11,203],[50,194],[92.5,153],[87,90.5],[95.5,45.5],[71.966,-3.55]],"c":true}],"e":[{"i":[[37.665,-12.549],[9.254,11.898],[5.5,-2.5],[-7,-14.75],[13,-24.44],[-12,-17.5],[-16.187,-4.384],[-12.474,4.99],[-10,25],[9.5,19.5],[5,18.5],[10.534,0.05]],"o":[[-13.094,4.363],[-16.912,-21.744],[-11.808,5.368],[6.143,12.945],[-12.5,23.499],[12.393,18.074],[24,6.5],[25,-10],[9.974,-24.935],[-10.33,-21.203],[-4.912,-18.176],[-13.555,-0.064]],"v":[[31.835,0.049],[-12.754,-1.398],[-38.5,-41],[-23,14.75],[-59.5,71.001],[-56.5,143],[-11.5,180],[53.5,177.5],[107.5,134.5],[95.5,66.5],[89,11.5],[66.966,-37.05]],"c":true}]},{"i":{"x":0.833,"y":0.833},"o":{"x":0.167,"y":0.167},"n":"0p833_0p833_0p167_0p167","t":16,"s":[{"i":[[37.665,-12.549],[9.254,11.898],[5.5,-2.5],[-7,-14.75],[13,-24.44],[-12,-17.5],[-16.187,-4.384],[-12.474,4.99],[-10,25],[9.5,19.5],[5,18.5],[10.534,0.05]],"o":[[-13.094,4.363],[-16.912,-21.744],[-11.808,5.368],[6.143,12.945],[-12.5,23.499],[12.393,18.074],[24,6.5],[25,-10],[9.974,-24.935],[-10.33,-21.203],[-4.912,-18.176],[-13.555,-0.064]],"v":[[31.835,0.049],[-12.754,-1.398],[-38.5,-41],[-23,14.75],[-59.5,71.001],[-56.5,143],[-11.5,180],[53.5,177.5],[107.5,134.5],[95.5,66.5],[89,11.5],[66.966,-37.05]],"c":true}],"e":[{"i":[[0,0],[6.571,-13.585],[10.298,-5.403],[13.436,-9.789],[10.788,-17.199],[-3,-38],[-43,-1],[-25,35],[17.938,22.549],[-0.284,9.995],[1.279,4.764],[2.744,7.558]],"o":[[0,0],[-5.027,10.393],[-11.446,6.005],[-16.365,11.923],[-7.936,12.653],[2.922,37.007],[25.013,0.582],[19.608,-27.451],[-12.735,-16.008],[0.268,-9.429],[-2.872,-10.696],[-2.235,-6.157]],"v":[[72.45,-71.263],[62.027,-54.393],[26.446,-27.505],[-10.936,-7.711],[-43.788,25.699],[-58,93],[20,165],[100,123],[102.062,35.451],[88.232,-0.571],[89.721,-27.764],[78.256,-45.058]],"c":true}]},{"i":{"x":0.833,"y":0.833},"o":{"x":0.167,"y":0.167},"n":"0p833_0p833_0p167_0p167","t":17,"s":[{"i":[[0,0],[6.571,-13.585],[10.298,-5.403],[13.436,-9.789],[10.788,-17.199],[-3,-38],[-43,-1],[-25,35],[17.938,22.549],[-0.284,9.995],[1.279,4.764],[2.744,7.558]],"o":[[0,0],[-5.027,10.393],[-11.446,6.005],[-16.365,11.923],[-7.936,12.653],[2.922,37.007],[25.013,0.582],[19.608,-27.451],[-12.735,-16.008],[0.268,-9.429],[-2.872,-10.696],[-2.235,-6.157]],"v":[[72.45,-71.263],[62.027,-54.393],[26.446,-27.505],[-10.936,-7.711],[-43.788,25.699],[-58,93],[20,165],[100,123],[102.062,35.451],[88.232,-0.571],[89.721,-27.764],[78.256,-45.058]],"c":true}],"e":[{"i":[[7.145,3.328],[10.473,-7.107],[16.554,-13.495],[10.936,-16.789],[7.288,-15.199],[-11.5,-26],[-49,5],[-14.576,20.989],[7.938,24.049],[10.768,13.071],[1.279,8.764],[-0.922,7.987]],"o":[[-6.95,-3.237],[-9.553,6.483],[-10.018,8.167],[-11.051,16.966],[-5.972,12.455],[10.75,24.304],[24.891,-2.54],[12.5,-18],[-5.756,-17.438],[-5.998,-7.281],[-1.6,-10.959],[0.744,-6.442]],"v":[[71.45,-78.263],[30.027,-58.393],[-1.554,-34.005],[-25.936,-4.711],[-49.788,39.699],[-49.5,101.5],[43,152.5],[107,111],[115.062,34.451],[86.732,-7.071],[74.721,-31.264],[74.756,-54.558]],"c":true}]},{"i":{"x":0.833,"y":0.833},"o":{"x":0.167,"y":0.167},"n":"0p833_0p833_0p167_0p167","t":18,"s":[{"i":[[7.145,3.328],[10.473,-7.107],[16.554,-13.495],[10.936,-16.789],[7.288,-15.199],[-11.5,-26],[-49,5],[-14.576,20.989],[7.938,24.049],[10.768,13.071],[1.279,8.764],[-0.922,7.987]],"o":[[-6.95,-3.237],[-9.553,6.483],[-10.018,8.167],[-11.051,16.966],[-5.972,12.455],[10.75,24.304],[24.891,-2.54],[12.5,-18],[-5.756,-17.438],[-5.998,-7.281],[-1.6,-10.959],[0.744,-6.442]],"v":[[71.45,-78.263],[30.027,-58.393],[-1.554,-34.005],[-25.936,-4.711],[-49.788,39.699],[-49.5,101.5],[43,152.5],[107,111],[115.062,34.451],[86.732,-7.071],[74.721,-31.264],[74.756,-54.558]],"c":true}],"e":[{"i":[[2.991,4.334],[9.063,-9.563],[19.184,-13.455],[10.936,-16.789],[7.288,-15.199],[-11.5,-26],[-49,5],[-14.576,20.989],[7.938,24.049],[10.989,12.885],[8.613,16.268],[-2.196,7.697]],"o":[[-2.909,-4.216],[-5.828,6.15],[-26.252,18.412],[-11.051,16.966],[-5.972,12.455],[10.75,24.304],[24.891,-2.54],[12.5,-18],[-5.756,-17.438],[-12.732,-14.929],[-5.146,-9.719],[4.099,-14.368]],"v":[[70.196,-103.923],[37.437,-89.437],[7.816,-61.545],[-21.936,-11.711],[-45.788,32.699],[-44.5,97.5],[48,148.5],[111,104],[122.062,27.451],[97.732,-18.071],[59.387,-51.268],[55.401,-79.132]],"c":true}]},{"i":{"x":0.833,"y":0.833},"o":{"x":0.167,"y":0.167},"n":"0p833_0p833_0p167_0p167","t":19,"s":[{"i":[[2.991,4.334],[9.063,-9.563],[19.184,-13.455],[10.936,-16.789],[7.288,-15.199],[-11.5,-26],[-49,5],[-14.576,20.989],[7.938,24.049],[10.989,12.885],[8.613,16.268],[-2.196,7.697]],"o":[[-2.909,-4.216],[-5.828,6.15],[-26.252,18.412],[-11.051,16.966],[-5.972,12.455],[10.75,24.304],[24.891,-2.54],[12.5,-18],[-5.756,-17.438],[-12.732,-14.929],[-5.146,-9.719],[4.099,-14.368]],"v":[[70.196,-103.923],[37.437,-89.437],[7.816,-61.545],[-21.936,-11.711],[-45.788,32.699],[-44.5,97.5],[48,148.5],[111,104],[122.062,27.451],[97.732,-18.071],[59.387,-51.268],[55.401,-79.132]],"c":true}],"e":[{"i":[[1.669,4.994],[9.063,-9.563],[11.405,-13.775],[23.936,-16.789],[7.288,-15.199],[-11.5,-20.5],[-47.784,11.946],[-14.576,20.989],[11.938,30.549],[16.768,14.571],[8.113,12.268],[-10.401,17.632]],"o":[[-1.696,-5.077],[-5.828,6.15],[-8.316,10.045],[-16.576,11.627],[-5.972,12.455],[13.002,23.177],[22,-5.5],[12.5,-18],[-6.684,-17.104],[-28.485,-24.753],[-6.066,-9.173],[10.415,-17.656]],"v":[[66.696,-142.923],[36.937,-120.437],[-0.684,-76.545],[-12.436,-39.211],[-61.788,35.699],[-47.5,98],[49,142],[104.5,97.5],[113.062,22.951],[89.732,-47.071],[22.387,-72.768],[35.901,-105.132]],"c":true}]},{"i":{"x":0.833,"y":0.833},"o":{"x":0.167,"y":0.167},"n":"0p833_0p833_0p167_0p167","t":20,"s":[{"i":[[1.669,4.994],[9.063,-9.563],[11.405,-13.775],[23.936,-16.789],[7.288,-15.199],[-11.5,-20.5],[-47.784,11.946],[-14.576,20.989],[11.938,30.549],[16.768,14.571],[8.113,12.268],[-10.401,17.632]],"o":[[-1.696,-5.077],[-5.828,6.15],[-8.316,10.045],[-16.576,11.627],[-5.972,12.455],[13.002,23.177],[22,-5.5],[12.5,-18],[-6.684,-17.104],[-28.485,-24.753],[-6.066,-9.173],[10.415,-17.656]],"v":[[66.696,-142.923],[36.937,-120.437],[-0.684,-76.545],[-12.436,-39.211],[-61.788,35.699],[-47.5,98],[49,142],[104.5,97.5],[113.062,22.951],[89.732,-47.071],[22.387,-72.768],[35.901,-105.132]],"c":true}],"e":[{"i":[[7.804,-5.577],[12.563,-6.563],[11.48,-13.713],[10.936,-12.789],[-8.712,-20.699],[-8.35,-21.972],[-45.5,12.5],[-10,16],[9.938,26.549],[8.832,28.024],[7.073,12.895],[12.459,1.915]],"o":[[-4.355,3.112],[-7.51,3.923],[-6.316,7.545],[-13.159,15.388],[11.617,27.6],[9.5,25],[21.867,-6.007],[11.615,-18.584],[-6.438,-17.198],[-4.232,-13.429],[-5.887,-10.732],[-8.9,-1.368]],"v":[[32.696,-84.423],[5.437,-67.437],[-18.684,-50.045],[-35.936,-19.211],[-58.288,23.699],[-38.5,91],[53,135],[103.5,100.5],[116.562,29.451],[100.232,-21.571],[88.887,-71.268],[61.9,-94.632]],"c":true}]},{"i":{"x":0.833,"y":0.833},"o":{"x":0.167,"y":0.167},"n":"0p833_0p833_0p167_0p167","t":21,"s":[{"i":[[7.804,-5.577],[12.563,-6.563],[11.48,-13.713],[10.936,-12.789],[-8.712,-20.699],[-8.35,-21.972],[-45.5,12.5],[-10,16],[9.938,26.549],[8.832,28.024],[7.073,12.895],[12.459,1.915]],"o":[[-4.355,3.112],[-7.51,3.923],[-6.316,7.545],[-13.159,15.388],[11.617,27.6],[9.5,25],[21.867,-6.007],[11.615,-18.584],[-6.438,-17.198],[-4.232,-13.429],[-5.887,-10.732],[-8.9,-1.368]],"v":[[32.696,-84.423],[5.437,-67.437],[-18.684,-50.045],[-35.936,-19.211],[-58.288,23.699],[-38.5,91],[53,135],[103.5,100.5],[116.562,29.451],[100.232,-21.571],[88.887,-71.268],[61.9,-94.632]],"c":true}],"e":[{"i":[[21.304,-11.577],[7.563,-8.563],[0.707,-17.989],[7.936,-11.789],[-6.704,-21.434],[-14.5,-34],[-43.506,4.501],[-10.377,15.758],[8.438,18.549],[21.768,22.571],[3.113,17.268],[9.1,13.632]],"o":[[-4.703,2.556],[-10.748,12.169],[-0.316,8.045],[-5.684,8.444],[7.288,23.301],[10.491,24.6],[29,-3],[13.5,-20.5],[-12.574,-27.64],[-9.774,-10.135],[-2.172,-12.047],[-5,-7.49]],"v":[[37.696,-117.423],[6.437,-94.437],[-18.684,-56.045],[-43.936,-35.211],[-43.288,10.699],[-56.5,83],[39,142],[104.5,103.5],[122.562,37.451],[104.232,-26.571],[87.887,-72.268],[72.9,-117.632]],"c":true}]},{"i":{"x":0.833,"y":0.833},"o":{"x":0.167,"y":0.167},"n":"0p833_0p833_0p167_0p167","t":22,"s":[{"i":[[21.304,-11.577],[7.563,-8.563],[0.707,-17.989],[7.936,-11.789],[-6.704,-21.434],[-14.5,-34],[-43.506,4.501],[-10.377,15.758],[8.438,18.549],[21.768,22.571],[3.113,17.268],[9.1,13.632]],"o":[[-4.703,2.556],[-10.748,12.169],[-0.316,8.045],[-5.684,8.444],[7.288,23.301],[10.491,24.6],[29,-3],[13.5,-20.5],[-12.574,-27.64],[-9.774,-10.135],[-2.172,-12.047],[-5,-7.49]],"v":[[37.696,-117.423],[6.437,-94.437],[-18.684,-56.045],[-43.936,-35.211],[-43.288,10.699],[-56.5,83],[39,142],[104.5,103.5],[122.562,37.451],[104.232,-26.571],[87.887,-72.268],[72.9,-117.632]],"c":true}],"e":[{"i":[[14.304,-10.577],[7.563,-8.563],[10.694,-12.482],[7.936,-11.789],[12.288,-16.699],[-14.367,-34.056],[-43.506,4.501],[-9.707,16.179],[12.438,30.549],[16.389,26.734],[2.274,17.398],[10.065,4.957]],"o":[[-15.43,11.41],[-10.748,12.169],[-16.316,19.045],[-5.684,8.444],[-14.196,19.292],[13.5,32],[29,-3],[10.5,-17.5],[-11.451,-28.124],[-8.232,-13.429],[-3.887,-29.732],[-10.9,-5.368]],"v":[[38.696,-136.423],[1.437,-119.437],[-2.684,-65.045],[-10.936,-17.211],[-53.288,12.699],[-66.5,86],[39,142],[102.5,106.5],[114.562,38.451],[102.232,-32.571],[80.887,-96.268],[68.9,-157.632]],"c":true}]},{"i":{"x":0.833,"y":0.833},"o":{"x":0.167,"y":0.167},"n":"0p833_0p833_0p167_0p167","t":23,"s":[{"i":[[14.304,-10.577],[7.563,-8.563],[10.694,-12.482],[7.936,-11.789],[12.288,-16.699],[-14.367,-34.056],[-43.506,4.501],[-9.707,16.179],[12.438,30.549],[16.389,26.734],[2.274,17.398],[10.065,4.957]],"o":[[-15.43,11.41],[-10.748,12.169],[-16.316,19.045],[-5.684,8.444],[-14.196,19.292],[13.5,32],[29,-3],[10.5,-17.5],[-11.451,-28.124],[-8.232,-13.429],[-3.887,-29.732],[-10.9,-5.368]],"v":[[38.696,-136.423],[1.437,-119.437],[-2.684,-65.045],[-10.936,-17.211],[-53.288,12.699],[-66.5,86],[39,142],[102.5,106.5],[114.562,38.451],[102.232,-32.571],[80.887,-96.268],[68.9,-157.632]],"c":true}],"e":[{"i":[[28.304,-1.577],[-6.437,-17.563],[-7.255,-10.064],[-10.064,-20.789],[46.288,-12.699],[6.169,-43.591],[-30.172,-17.71],[-9.707,16.179],[20.438,42.549],[-3.232,38.571],[2.274,17.398],[10.065,4.957]],"o":[[-19.161,1.067],[5.587,15.244],[8.684,12.045],[9.629,19.89],[-23.099,6.337],[-7.5,53],[46,27],[10.5,-17.5],[-13.148,-27.371],[2.141,-25.545],[-3.887,-29.732],[-10.9,-5.368]],"v":[[15.696,-153.423],[22.437,-124.437],[6.316,-83.045],[47.064,-86.211],[-8.288,-31.301],[-67.5,33],[-10,136],[95.5,111.5],[95.562,18.451],[97.232,-57.571],[73.887,-123.268],[64.9,-181.632]],"c":true}]},{"i":{"x":0.833,"y":0.833},"o":{"x":0.167,"y":0.167},"n":"0p833_0p833_0p167_0p167","t":24,"s":[{"i":[[28.304,-1.577],[-6.437,-17.563],[-7.255,-10.064],[-10.064,-20.789],[46.288,-12.699],[6.169,-43.591],[-30.172,-17.71],[-9.707,16.179],[20.438,42.549],[-3.232,38.571],[2.274,17.398],[10.065,4.957]],"o":[[-19.161,1.067],[5.587,15.244],[8.684,12.045],[9.629,19.89],[-23.099,6.337],[-7.5,53],[46,27],[10.5,-17.5],[-13.148,-27.371],[2.141,-25.545],[-3.887,-29.732],[-10.9,-5.368]],"v":[[15.696,-153.423],[22.437,-124.437],[6.316,-83.045],[47.064,-86.211],[-8.288,-31.301],[-67.5,33],[-10,136],[95.5,111.5],[95.562,18.451],[97.232,-57.571],[73.887,-123.268],[64.9,-181.632]],"c":true}],"e":[{"i":[[-3.328,14.795],[6.563,2.437],[9.058,-12.436],[6.953,-22.026],[21.288,-6.699],[-12.5,-53],[-12.902,-19.353],[-32.5,5.5],[-10.562,18.549],[9.768,16.571],[13.917,10.685],[-12.384,5.875]],"o":[[5.304,-23.577],[-4.804,-1.784],[-7.316,10.045],[-6.064,19.211],[-22.848,7.19],[6.705,28.43],[14,21],[22.452,-3.799],[16.601,-29.154],[-13.017,-22.083],[-17.887,-13.732],[7.1,-3.368]],"v":[[83.696,-67.423],[83.437,-112.437],[59.316,-87.045],[40.064,-44.211],[-22.288,-48.301],[-50.5,39],[-31,114],[45.5,146.5],[97.562,107.451],[99.232,36.429],[64.887,-5.268],[63.9,-34.632]],"c":true}]},{"i":{"x":0.833,"y":0.833},"o":{"x":0.167,"y":0.167},"n":"0p833_0p833_0p167_0p167","t":25,"s":[{"i":[[-3.328,14.795],[6.563,2.437],[9.058,-12.436],[6.953,-22.026],[21.288,-6.699],[-12.5,-53],[-12.902,-19.353],[-32.5,5.5],[-10.562,18.549],[9.768,16.571],[13.917,10.685],[-12.384,5.875]],"o":[[5.304,-23.577],[-4.804,-1.784],[-7.316,10.045],[-6.064,19.211],[-22.848,7.19],[6.705,28.43],[14,21],[22.452,-3.799],[16.601,-29.154],[-13.017,-22.083],[-17.887,-13.732],[7.1,-3.368]],"v":[[83.696,-67.423],[83.437,-112.437],[59.316,-87.045],[40.064,-44.211],[-22.288,-48.301],[-50.5,39],[-31,114],[45.5,146.5],[97.562,107.451],[99.232,36.429],[64.887,-5.268],[63.9,-34.632]],"c":true}],"e":[{"i":[[12.319,-1.28],[5.424,13.113],[13.684,4.045],[6.953,-22.026],[-2.712,-12.699],[6.449,-26.789],[-12.902,-19.353],[-32.5,5.5],[-8.932,13.889],[5.091,12.973],[7.239,11.187],[8.1,5.632]],"o":[[-13.696,1.423],[-6.437,-15.563],[-11.917,-3.523],[-6.064,19.211],[4.047,18.949],[-6.5,27],[14,21],[22.452,-3.799],[14.438,-22.451],[-7.232,-18.429],[-8.887,-13.732],[-6.452,-4.486]],"v":[[32.696,-21.423],[0.437,-29.437],[-10.684,-81.045],[-43.936,-50.211],[-29.288,8.699],[-47.5,57],[-35,124],[43.5,160.5],[100.562,126.451],[111.232,52.429],[92.887,13.732],[63.9,-17.632]],"c":true}]},{"i":{"x":0.833,"y":0.833},"o":{"x":0.167,"y":0.167},"n":"0p833_0p833_0p167_0p167","t":26,"s":[{"i":[[12.319,-1.28],[5.424,13.113],[13.684,4.045],[6.953,-22.026],[-2.712,-12.699],[6.449,-26.789],[-12.902,-19.353],[-32.5,5.5],[-8.932,13.889],[5.091,12.973],[7.239,11.187],[8.1,5.632]],"o":[[-13.696,1.423],[-6.437,-15.563],[-11.917,-3.523],[-6.064,19.211],[4.047,18.949],[-6.5,27],[14,21],[22.452,-3.799],[14.438,-22.451],[-7.232,-18.429],[-8.887,-13.732],[-6.452,-4.486]],"v":[[32.696,-21.423],[0.437,-29.437],[-10.684,-81.045],[-43.936,-50.211],[-29.288,8.699],[-47.5,57],[-35,124],[43.5,160.5],[100.562,126.451],[111.232,52.429],[92.887,13.732],[63.9,-17.632]],"c":true}],"e":[{"i":[[7.304,8.923],[5.174,-0.788],[8.996,-11.076],[10.436,-11.289],[7.86,-10.337],[18.558,-20.368],[-19.5,-23],[-29.5,3],[-8.932,13.889],[8.768,35.071],[1.186,16.361],[4.736,8.654]],"o":[[-8.722,-10.656],[-9.437,1.437],[-5.316,6.545],[-13.675,14.793],[-8.212,10.801],[-20.5,22.5],[16.322,19.251],[22.654,-2.304],[14.438,-22.451],[-4.802,-19.206],[-0.887,-12.232],[-5.4,-9.868]],"v":[[63.696,-26.423],[40.437,-44.937],[19.816,-18.545],[-2.936,4.789],[-26.288,31.699],[-58.5,70],[-44,133.5],[31.5,172],[82.062,140.951],[95.232,66.429],[87.387,23.232],[77.4,-4.632]],"c":true}]},{"i":{"x":0.833,"y":0.833},"o":{"x":0.167,"y":0.167},"n":"0p833_0p833_0p167_0p167","t":27,"s":[{"i":[[7.304,8.923],[5.174,-0.788],[8.996,-11.076],[10.436,-11.289],[7.86,-10.337],[18.558,-20.368],[-19.5,-23],[-29.5,3],[-8.932,13.889],[8.768,35.071],[1.186,16.361],[4.736,8.654]],"o":[[-8.722,-10.656],[-9.437,1.437],[-5.316,6.545],[-13.675,14.793],[-8.212,10.801],[-20.5,22.5],[16.322,19.251],[22.654,-2.304],[14.438,-22.451],[-4.802,-19.206],[-0.887,-12.232],[-5.4,-9.868]],"v":[[63.696,-26.423],[40.437,-44.937],[19.816,-18.545],[-2.936,4.789],[-26.288,31.699],[-58.5,70],[-44,133.5],[31.5,172],[82.062,140.951],[95.232,66.429],[87.387,23.232],[77.4,-4.632]],"c":true}],"e":[{"i":[[0.561,-4.891],[3.335,-4.033],[8.591,-14.194],[10.346,-11.372],[15.788,-20.699],[13.5,-25.5],[-21.322,-21.322],[-29.5,3],[-8.932,13.89],[8.33,35.177],[-5.133,30.849],[6.995,6.957]],"o":[[-1.196,10.423],[-11.937,14.437],[-10.316,17.045],[-11.564,12.711],[-13.115,17.196],[-7.861,14.848],[18,18],[22.654,-2.304],[14.438,-22.451],[-6.732,-28.429],[5.113,-30.733],[-5.9,-5.868]],"v":[[40.196,-85.423],[41.437,-56.937],[9.816,-17.545],[-6.436,23.289],[-53.288,45.699],[-70,102],[-56,156],[18.5,189.5],[72.562,160.451],[86.232,83.929],[70.387,2.233],[57.4,-51.632]],"c":true}]},{"i":{"x":0.833,"y":0.833},"o":{"x":0.167,"y":0.167},"n":"0p833_0p833_0p167_0p167","t":28,"s":[{"i":[[0.561,-4.891],[3.335,-4.033],[8.591,-14.194],[10.346,-11.372],[15.788,-20.699],[13.5,-25.5],[-21.322,-21.322],[-29.5,3],[-8.932,13.89],[8.33,35.177],[-5.133,30.849],[6.995,6.957]],"o":[[-1.196,10.423],[-11.937,14.437],[-10.316,17.045],[-11.564,12.711],[-13.115,17.196],[-7.861,14.848],[18,18],[22.654,-2.304],[14.438,-22.451],[-6.732,-28.429],[5.113,-30.733],[-5.9,-5.868]],"v":[[40.196,-85.423],[41.437,-56.937],[9.816,-17.545],[-6.436,23.289],[-53.288,45.699],[-70,102],[-56,156],[18.5,189.5],[72.562,160.451],[86.232,83.929],[70.387,2.233],[57.4,-51.632]],"c":true}],"e":[{"i":[[3.501,3.461],[5.813,-7.813],[-2.066,-13.705],[13.436,-15.289],[25.288,-9.699],[1.253,-28.826],[-21.322,-21.322],[-29.5,3],[-8.932,13.89],[11.018,39.571],[2.363,20.018],[-2.65,22.632]],"o":[[-10.446,-10.327],[-3.755,5.047],[2.97,19.701],[-11.344,12.908],[-20.192,7.745],[-1,23],[18,18],[22.654,-2.304],[14.438,-22.451],[-7.836,-28.145],[-3.652,-30.94],[0.968,-8.265]],"v":[[59.946,-74.173],[35.687,-67.937],[16.816,-41.545],[15.564,26.289],[-43.288,52.699],[-75,111],[-48,173],[18.5,199.5],[74.562,166.451],[91.482,92.929],[48.637,11.732],[61.15,-45.632]],"c":true}]},{"i":{"x":0.833,"y":0.833},"o":{"x":0.167,"y":0.167},"n":"0p833_0p833_0p167_0p167","t":29,"s":[{"i":[[3.501,3.461],[5.813,-7.813],[-2.066,-13.705],[13.436,-15.289],[25.288,-9.699],[1.253,-28.826],[-21.322,-21.322],[-29.5,3],[-8.932,13.89],[11.018,39.571],[2.363,20.018],[-2.65,22.632]],"o":[[-10.446,-10.327],[-3.755,5.047],[2.97,19.701],[-11.344,12.908],[-20.192,7.745],[-1,23],[18,18],[22.654,-2.304],[14.438,-22.451],[-7.836,-28.145],[-3.652,-30.94],[0.968,-8.265]],"v":[[59.946,-74.173],[35.687,-67.937],[16.816,-41.545],[15.564,26.289],[-43.288,52.699],[-75,111],[-48,173],[18.5,199.5],[74.562,166.451],[91.482,92.929],[48.637,11.732],[61.15,-45.632]],"c":true}],"e":[{"i":[[6.553,-9.827],[5.813,-7.813],[12.184,2.545],[8.936,-9.289],[-1.137,-14.821],[1.253,-28.826],[-20.843,-21.791],[-30,1],[-10.562,15.549],[-1.482,15.571],[7.363,11.768],[11.753,19.521]],"o":[[-8.15,12.221],[-3.755,5.047],[-17.631,-3.683],[-7.762,8.069],[1.788,23.301],[-1,23],[11,11.5],[20.64,-0.688],[14.999,-22.08],[1.654,-17.38],[-5.125,-8.191],[-8.65,-14.368]],"v":[[33.947,-1.673],[15.687,31.563],[-16.684,42.455],[-56.436,39.789],[-62.288,72.199],[-73.5,123],[-48.5,185.5],[13.5,205.5],[67.562,177.451],[86.482,118.429],[76.637,59.732],[52.15,25.368]],"c":true}]},{"i":{"x":0.833,"y":0.833},"o":{"x":0.167,"y":0.167},"n":"0p833_0p833_0p167_0p167","t":30,"s":[{"i":[[6.553,-9.827],[5.813,-7.813],[12.184,2.545],[8.936,-9.289],[-1.137,-14.821],[1.253,-28.826],[-20.843,-21.791],[-30,1],[-10.562,15.549],[-1.482,15.571],[7.363,11.768],[11.753,19.521]],"o":[[-8.15,12.221],[-3.755,5.047],[-17.631,-3.683],[-7.762,8.069],[1.788,23.301],[-1,23],[11,11.5],[20.64,-0.688],[14.999,-22.08],[1.654,-17.38],[-5.125,-8.191],[-8.65,-14.368]],"v":[[33.947,-1.673],[15.687,31.563],[-16.684,42.455],[-56.436,39.789],[-62.288,72.199],[-73.5,123],[-48.5,185.5],[13.5,205.5],[67.562,177.451],[86.482,118.429],[76.637,59.732],[52.15,25.368]],"c":true}],"e":[{"i":[[8.054,0.173],[10.615,-6.389],[10.184,-4.955],[5.936,-5.289],[3.996,-14.318],[-0.5,-21],[-13.997,-11.373],[-20.5,2],[-15.229,14.715],[4.018,11.071],[1.863,21.768],[8.468,21.154]],"o":[[-11.464,-0.247],[-13.187,7.937],[-16.196,7.88],[-8.359,7.448],[-3.712,13.301],[0.548,23.015],[16,13],[20.554,-2.005],[14.438,-13.951],[-5.956,-16.411],[-0.824,-9.628],[-4.15,-10.368]],"v":[[40.446,7.827],[13.687,22.063],[-17.184,35.955],[-46.436,52.789],[-63.788,81.199],[-71.5,126],[-42.5,187.5],[13.5,205.5],[66.562,174.451],[81.482,123.929],[72.137,74.732],[66.15,24.368]],"c":true}]},{"i":{"x":0.833,"y":0.833},"o":{"x":0.167,"y":0.167},"n":"0p833_0p833_0p167_0p167","t":31,"s":[{"i":[[8.054,0.173],[10.615,-6.389],[10.184,-4.955],[5.936,-5.289],[3.996,-14.318],[-0.5,-21],[-13.997,-11.373],[-20.5,2],[-15.229,14.715],[4.018,11.071],[1.863,21.768],[8.468,21.154]],"o":[[-11.464,-0.247],[-13.187,7.937],[-16.196,7.88],[-8.359,7.448],[-3.712,13.301],[0.548,23.015],[16,13],[20.554,-2.005],[14.438,-13.951],[-5.956,-16.411],[-0.824,-9.628],[-4.15,-10.368]],"v":[[40.446,7.827],[13.687,22.063],[-17.184,35.955],[-46.436,52.789],[-63.788,81.199],[-71.5,126],[-42.5,187.5],[13.5,205.5],[66.562,174.451],[81.482,123.929],[72.137,74.732],[66.15,24.368]],"c":true}],"e":[{"i":[[16.877,5.274],[14.313,-9.563],[11.365,-5.067],[3.398,-7.187],[3.996,-14.318],[-0.5,-21],[-13.997,-11.373],[-20.5,2],[-14.562,16.549],[0.859,11.746],[14.363,19.768],[-7.15,26.632]],"o":[[-15.446,-4.827],[-10.413,6.957],[-11.316,5.045],[-5.064,10.711],[-3.712,13.301],[0.548,23.015],[16,13],[20.554,-2.005],[13.263,-15.073],[-0.982,-13.429],[-5.68,-7.817],[2.896,-10.786]],"v":[[46.946,-17.173],[4.687,7.063],[-33.184,13.955],[-53.936,36.289],[-67.788,70.199],[-77.5,118.5],[-47,180.5],[15,198],[65.562,166.451],[84.982,114.429],[67.637,65.732],[60.15,17.868]],"c":true}]},{"i":{"x":0.833,"y":0.833},"o":{"x":0.167,"y":0.167},"n":"0p833_0p833_0p167_0p167","t":32,"s":[{"i":[[16.877,5.274],[14.313,-9.563],[11.365,-5.067],[3.398,-7.187],[3.996,-14.318],[-0.5,-21],[-13.997,-11.373],[-20.5,2],[-14.562,16.549],[0.859,11.746],[14.363,19.768],[-7.15,26.632]],"o":[[-15.446,-4.827],[-10.413,6.957],[-11.316,5.045],[-5.064,10.711],[-3.712,13.301],[0.548,23.015],[16,13],[20.554,-2.005],[13.263,-15.073],[-0.982,-13.429],[-5.68,-7.817],[2.896,-10.786]],"v":[[46.946,-17.173],[4.687,7.063],[-33.184,13.955],[-53.936,36.289],[-67.788,70.199],[-77.5,118.5],[-47,180.5],[15,198],[65.562,166.451],[84.982,114.429],[67.637,65.732],[60.15,17.868]],"c":true}],"e":[{"i":[[8.627,5.342],[12.313,11.437],[9.184,-5.955],[3.398,-7.187],[5.788,-14.199],[-1.662,-20.94],[-13.294,-12.186],[-20.07,4.632],[-14.562,16.549],[0.518,11.571],[6.363,13.268],[11.85,12.132]],"o":[[-13.446,-8.327],[-7.846,-7.288],[-10.396,6.741],[-5.064,10.711],[-7.236,17.753],[2.5,31.5],[18,16.5],[26,-6],[13.263,-15.073],[-0.602,-13.451],[-4.179,-8.713],[-7.804,-7.989]],"v":[[24.446,6.327],[-9.313,-12.937],[-39.184,-22.045],[-54.436,18.789],[-69.788,50.199],[-81.5,101],[-48.5,162.5],[16,181.5],[67.062,152.451],[84.482,102.429],[74.637,56.232],[51.65,27.868]],"c":true}]},{"i":{"x":0.833,"y":0.833},"o":{"x":0.167,"y":0.167},"n":"0p833_0p833_0p167_0p167","t":33,"s":[{"i":[[8.627,5.342],[12.313,11.437],[9.184,-5.955],[3.398,-7.187],[5.788,-14.199],[-1.662,-20.94],[-13.294,-12.186],[-20.07,4.632],[-14.562,16.549],[0.518,11.571],[6.363,13.268],[11.85,12.132]],"o":[[-13.446,-8.327],[-7.846,-7.288],[-10.396,6.741],[-5.064,10.711],[-7.236,17.753],[2.5,31.5],[18,16.5],[26,-6],[13.263,-15.073],[-0.602,-13.451],[-4.179,-8.713],[-7.804,-7.989]],"v":[[24.446,6.327],[-9.313,-12.937],[-39.184,-22.045],[-54.436,18.789],[-69.788,50.199],[-81.5,101],[-48.5,162.5],[16,181.5],[67.062,152.451],[84.482,102.429],[74.637,56.232],[51.65,27.868]],"c":true}],"e":[{"i":[[8.627,5.342],[12.313,11.437],[9.107,-6.072],[3.398,-7.187],[6.288,-16.199],[-1.234,-20.97],[-13.294,-12.186],[-20.07,4.632],[-14.562,16.549],[0.518,11.571],[6.363,13.268],[11.35,14.132]],"o":[[-13.447,-8.327],[-7.846,-7.288],[-8.316,5.545],[-5.064,10.711],[-6.937,17.872],[1.5,25.5],[18,16.5],[26,-6],[13.263,-15.073],[-0.602,-13.451],[-4.179,-8.713],[-6.993,-8.708]],"v":[[23.946,-11.673],[-8.313,-31.937],[-31.684,-47.045],[-50.936,-3.211],[-67.288,32.699],[-78,82.5],[-47,145],[19.5,164],[69.062,134.451],[86.982,86.429],[72.137,45.232],[53.15,5.868]],"c":true}]},{"i":{"x":0.833,"y":0.833},"o":{"x":0.167,"y":0.167},"n":"0p833_0p833_0p167_0p167","t":34,"s":[{"i":[[8.627,5.342],[12.313,11.437],[9.107,-6.072],[3.398,-7.187],[6.288,-16.199],[-1.234,-20.97],[-13.294,-12.186],[-20.07,4.632],[-14.562,16.549],[0.518,11.571],[6.363,13.268],[11.35,14.132]],"o":[[-13.447,-8.327],[-7.846,-7.288],[-8.316,5.545],[-5.064,10.711],[-6.937,17.872],[1.5,25.5],[18,16.5],[26,-6],[13.263,-15.073],[-0.602,-13.451],[-4.179,-8.713],[-6.993,-8.708]],"v":[[23.946,-11.673],[-8.313,-31.937],[-31.684,-47.045],[-50.936,-3.211],[-67.288,32.699],[-78,82.5],[-47,145],[19.5,164],[69.062,134.451],[86.982,86.429],[72.137,45.232],[53.15,5.868]],"c":true}],"e":[{"i":[[8.553,6.173],[16.813,13.437],[7.184,0.545],[11.936,-28.289],[8.288,-20.699],[-1.234,-20.97],[-13.294,-12.187],[-20.07,4.632],[-14.562,16.549],[-0.021,13.903],[6.363,13.268],[12.35,23.632]],"o":[[-12.825,-9.256],[-8.365,-6.685],[-9.967,-0.756],[-4.606,10.916],[-7.126,17.798],[1.5,25.5],[18,16.5],[26,-6],[13.263,-15.073],[0.018,-11.929],[-4.179,-8.713],[-5.173,-9.898]],"v":[[30.946,-30.173],[-10.813,-56.437],[-27.184,-86.545],[-37.936,-40.211],[-58.288,4.699],[-75.5,72],[-48,137],[22.5,157],[76.562,126.451],[92.482,77.429],[75.137,36.232],[51.65,0.368]],"c":true}]},{"i":{"x":0.833,"y":0.833},"o":{"x":0.167,"y":0.167},"n":"0p833_0p833_0p167_0p167","t":35,"s":[{"i":[[8.553,6.173],[16.813,13.437],[7.184,0.545],[11.936,-28.289],[8.288,-20.699],[-1.234,-20.97],[-13.294,-12.187],[-20.07,4.632],[-14.562,16.549],[-0.021,13.903],[6.363,13.268],[12.35,23.632]],"o":[[-12.825,-9.256],[-8.365,-6.685],[-9.967,-0.756],[-4.606,10.916],[-7.126,17.798],[1.5,25.5],[18,16.5],[26,-6],[13.263,-15.073],[0.018,-11.929],[-4.179,-8.713],[-5.173,-9.898]],"v":[[30.946,-30.173],[-10.813,-56.437],[-27.184,-86.545],[-37.936,-40.211],[-58.288,4.699],[-75.5,72],[-48,137],[22.5,157],[76.562,126.451],[92.482,77.429],[75.137,36.232],[51.65,0.368]],"c":true}],"e":[{"i":[[6.053,7.673],[18.23,11.441],[7.117,-1.12],[18.936,-39.289],[-4.712,-25.699],[1,-27.5],[-10.941,-14.337],[-20.07,4.632],[-11.562,17.549],[-0.026,13.903],[6.363,13.268],[8.85,12.632]],"o":[[-9.796,-12.417],[-27.187,-17.063],[-9.816,1.545],[-5.144,10.673],[4.659,25.409],[-0.928,25.527],[14.5,19],[26,-6],[11.046,-16.765],[0.018,-9.429],[-4.179,-8.713],[-6.408,-9.147]],"v":[[31.947,-55.673],[3.187,-71.437],[-28.684,-126.045],[-37.436,-46.211],[-54.288,1.699],[-68,66],[-46.5,123.5],[19,148.5],[71.062,111.451],[86.482,59.929],[76.137,21.732],[49.65,-12.132]],"c":true}]},{"i":{"x":0.833,"y":0.833},"o":{"x":0.167,"y":0.167},"n":"0p833_0p833_0p167_0p167","t":36,"s":[{"i":[[6.053,7.673],[18.23,11.441],[7.117,-1.12],[18.936,-39.289],[-4.712,-25.699],[1,-27.5],[-10.941,-14.337],[-20.07,4.632],[-11.562,17.549],[-0.026,13.903],[6.363,13.268],[8.85,12.632]],"o":[[-9.796,-12.417],[-27.187,-17.063],[-9.816,1.545],[-5.144,10.673],[4.659,25.409],[-0.928,25.527],[14.5,19],[26,-6],[11.046,-16.765],[0.018,-9.429],[-4.179,-8.713],[-6.408,-9.147]],"v":[[31.947,-55.673],[3.187,-71.437],[-28.684,-126.045],[-37.436,-46.211],[-54.288,1.699],[-68,66],[-46.5,123.5],[19,148.5],[71.062,111.451],[86.482,59.929],[76.137,21.732],[49.65,-12.132]],"c":true}],"e":[{"i":[[4.054,4.173],[6.813,2.937],[7.184,0.045],[16.436,-22.289],[2.288,-20.199],[-11.362,-51.645],[-19,-24],[-20.062,4.666],[-7.865,19.488],[-4.501,13.154],[6.221,13.335],[7.565,13.44]],"o":[[-6.644,-6.84],[-8.932,-3.851],[-9.937,-0.062],[-7.032,9.536],[-2.907,25.669],[5.5,25],[14.835,18.739],[21.5,-5],[6.438,-15.951],[8.018,-23.429],[-13.637,-29.232],[-8.65,-15.368]],"v":[[14.946,-90.173],[0.187,-95.437],[-14.684,-105.045],[-35.936,-61.711],[-33.788,-16.301],[-53.5,64.5],[-40.5,122],[17.5,147],[59.562,108.451],[63.982,58.929],[68.637,-1.768],[21.15,-56.632]],"c":true}]},{"i":{"x":0.833,"y":0.833},"o":{"x":0.167,"y":0.167},"n":"0p833_0p833_0p167_0p167","t":37,"s":[{"i":[[4.054,4.173],[6.813,2.937],[7.184,0.045],[16.436,-22.289],[2.288,-20.199],[-11.362,-51.645],[-19,-24],[-20.062,4.666],[-7.865,19.488],[-4.501,13.154],[6.221,13.335],[7.565,13.44]],"o":[[-6.644,-6.84],[-8.932,-3.851],[-9.937,-0.062],[-7.032,9.536],[-2.907,25.669],[5.5,25],[14.835,18.739],[21.5,-5],[6.438,-15.951],[8.018,-23.429],[-13.637,-29.232],[-8.65,-15.368]],"v":[[14.946,-90.173],[0.187,-95.437],[-14.684,-105.045],[-35.936,-61.711],[-33.788,-16.301],[-53.5,64.5],[-40.5,122],[17.5,147],[59.562,108.451],[63.982,58.929],[68.637,-1.768],[21.15,-56.632]],"c":true}],"e":[{"i":[[5.79,0.571],[4.957,-2.686],[14.184,-17.955],[-7.064,-34.789],[11.288,-21.699],[-16.722,-50.166],[-19,-24],[-20.062,4.666],[16.222,27.882],[-9.482,29.071],[22.363,25.268],[7.85,2.632]],"o":[[-13.447,-1.327],[-8.187,4.437],[-6.16,7.798],[2.358,11.611],[-11.922,22.917],[7.5,22.5],[14.835,18.739],[21.5,-5],[-29.062,-49.951],[7.679,-23.542],[-21.378,-24.155],[-5.106,-1.712]],"v":[[-2.553,-125.173],[-16.813,-144.437],[-30.184,-101.045],[-17.436,-52.211],[-38.288,-12.301],[-25.5,55],[-26.5,112.5],[26,144.5],[64.562,87.451],[60.982,-16.071],[18.637,-83.768],[15.15,-130.632]],"c":true}]},{"i":{"x":0.833,"y":0.833},"o":{"x":0.167,"y":0.167},"n":"0p833_0p833_0p167_0p167","t":38,"s":[{"i":[[5.79,0.571],[4.957,-2.686],[14.184,-17.955],[-7.064,-34.789],[11.288,-21.699],[-16.722,-50.166],[-19,-24],[-20.062,4.666],[16.222,27.882],[-9.482,29.071],[22.363,25.268],[7.85,2.632]],"o":[[-13.447,-1.327],[-8.187,4.437],[-6.16,7.798],[2.358,11.611],[-11.922,22.917],[7.5,22.5],[14.835,18.739],[21.5,-5],[-29.062,-49.951],[7.679,-23.542],[-21.378,-24.155],[-5.106,-1.712]],"v":[[-2.553,-125.173],[-16.813,-144.437],[-30.184,-101.045],[-17.436,-52.211],[-38.288,-12.301],[-25.5,55],[-26.5,112.5],[26,144.5],[64.562,87.451],[60.982,-16.071],[18.637,-83.768],[15.15,-130.632]],"c":true}],"e":[{"i":[[8.539,3.984],[3.419,-1.853],[8.349,-6.511],[0.498,-15.309],[7.026,-28.065],[-3,-35.5],[-18.004,-24.756],[-5.919,19.729],[2.767,35.341],[3.518,37.071],[7.912,21.886],[0.328,5.249]],"o":[[-8.445,-3.941],[-5.647,3.06],[-13.905,10.843],[-1.064,32.711],[-9.212,36.801],[1.997,23.633],[8,11],[9,-30],[-1.562,-19.951],[-2.339,-24.652],[-7.076,-19.573],[-0.232,-3.707]],"v":[[-2.539,-159.984],[-14.373,-181.77],[-15.595,-143.343],[-6.936,-101.211],[-38.788,-42.301],[-7,41],[9.5,114.5],[75.5,100.5],[41.062,16.451],[53.482,-69.571],[2.576,-131.427],[20.672,-164.749]],"c":true}]},{"i":{"x":0.833,"y":0.833},"o":{"x":0.167,"y":0.167},"n":"0p833_0p833_0p167_0p167","t":39,"s":[{"i":[[8.539,3.984],[3.419,-1.853],[8.349,-6.511],[0.498,-15.309],[7.026,-28.065],[-3,-35.5],[-18.004,-24.756],[-5.919,19.729],[2.767,35.341],[3.518,37.071],[7.912,21.886],[0.328,5.249]],"o":[[-8.445,-3.941],[-5.647,3.06],[-13.905,10.843],[-1.064,32.711],[-9.212,36.801],[1.997,23.633],[8,11],[9,-30],[-1.562,-19.951],[-2.339,-24.652],[-7.076,-19.573],[-0.232,-3.707]],"v":[[-2.539,-159.984],[-14.373,-181.77],[-15.595,-143.343],[-6.936,-101.211],[-38.788,-42.301],[-7,41],[9.5,114.5],[75.5,100.5],[41.062,16.451],[53.482,-69.571],[2.576,-131.427],[20.672,-164.749]],"c":true}],"e":[{"i":[[9.193,-17.23],[12.373,0.77],[2.095,-5.657],[-4.339,-14.69],[7.288,-14.699],[-5.051,-9.26],[-5.947,-8.811],[-7.323,22.263],[4.008,33.868],[7.018,30.071],[3.237,-10.116],[-19.672,-20.751]],"o":[[-7.461,13.984],[-6.41,-0.399],[-4.828,13.037],[4.936,16.711],[-8.452,17.048],[9,16.5],[13.5,20],[12.5,-38],[-6.562,-55.451],[-8.637,-37.012],[-1.576,4.927],[15.495,16.345]],"v":[[32.461,-67.484],[-0.373,-45.27],[-27.595,-46.343],[-0.936,-23.711],[-3.788,5.199],[-1.5,38],[7,71.5],[73.5,65],[42.062,-12.549],[54.482,-111.571],[-6.924,-152.427],[30.172,-120.749]],"c":true}]},{"i":{"x":0.833,"y":0.833},"o":{"x":0.167,"y":0.167},"n":"0p833_0p833_0p167_0p167","t":40,"s":[{"i":[[9.193,-17.23],[12.373,0.77],[2.095,-5.657],[-4.339,-14.69],[7.288,-14.699],[-5.051,-9.26],[-5.947,-8.811],[-7.323,22.263],[4.008,33.868],[7.018,30.071],[3.237,-10.116],[-19.672,-20.751]],"o":[[-7.461,13.984],[-6.41,-0.399],[-4.828,13.037],[4.936,16.711],[-8.452,17.048],[9,16.5],[13.5,20],[12.5,-38],[-6.562,-55.451],[-8.637,-37.012],[-1.576,4.927],[15.495,16.345]],"v":[[32.461,-67.484],[-0.373,-45.27],[-27.595,-46.343],[-0.936,-23.711],[-3.788,5.199],[-1.5,38],[7,71.5],[73.5,65],[42.062,-12.549],[54.482,-111.571],[-6.924,-152.427],[30.172,-120.749]],"c":true}],"e":[{"i":[[0,0],[5.479,-7.819],[6.83,-15.644],[2.226,-13.727],[-2.168,-9.474],[-6.23,-10.355],[-12.372,0.353],[-5.037,13.165],[8.904,9.894],[3.406,5.683],[8.133,14.309],[0.579,10.605]],"o":[[0,0],[-5.635,8.042],[-3.028,6.935],[-2.109,13.005],[3.617,15.809],[10.09,16.771],[16.952,-0.484],[3.46,-9.044],[-8.904,-9.894],[-2.729,-4.553],[-4.373,-7.693],[-0.947,-17.335]],"v":[[40,-95.5],[21.521,-79.181],[9.17,-55.856],[-7.17,-24.108],[-5.117,7.691],[5.41,38.729],[34.548,57.984],[75.037,30.335],[68.633,-0.755],[54.729,-20.447],[41.867,-38.309],[33.947,-62.665]],"c":true}]},{"i":{"x":0.833,"y":0.833},"o":{"x":0.167,"y":0.167},"n":"0p833_0p833_0p167_0p167","t":41,"s":[{"i":[[0,0],[5.479,-7.819],[6.83,-15.644],[2.226,-13.727],[-2.168,-9.474],[-6.23,-10.355],[-12.372,0.353],[-5.037,13.165],[8.904,9.894],[3.406,5.683],[8.133,14.309],[0.579,10.605]],"o":[[0,0],[-5.635,8.042],[-3.028,6.935],[-2.109,13.005],[3.617,15.809],[10.09,16.771],[16.952,-0.484],[3.46,-9.044],[-8.904,-9.894],[-2.729,-4.553],[-4.373,-7.693],[-0.947,-17.335]],"v":[[40,-95.5],[21.521,-79.181],[9.17,-55.856],[-7.17,-24.108],[-5.117,7.691],[5.41,38.729],[34.548,57.984],[75.037,30.335],[68.633,-0.755],[54.729,-20.447],[41.867,-38.309],[33.947,-62.665]],"c":true}],"e":[{"i":[[0,0],[2.282,-3.258],[2.845,-6.517],[4.956,-10.283],[-2.332,-10.731],[-5.935,-4.7],[-4.982,-5.955],[-3.16,8.258],[5.586,6.206],[2.136,3.565],[5.102,8.976],[5.022,22.008]],"o":[[0,0],[-2.347,3.35],[-1.261,2.889],[-5.587,11.592],[2.16,9.941],[9.625,7.622],[4.787,5.722],[2.171,-5.673],[-5.586,-6.206],[-1.712,-2.856],[-2.743,-4.826],[-1.609,-7.051]],"v":[[38,-121.687],[30.302,-115.388],[20.156,-101.671],[12.044,-68.217],[12.832,-35.269],[31.935,-23.8],[45.213,-9.722],[64.111,-15.565],[59.094,-33.568],[47.872,-45.92],[39.804,-57.125],[24.978,-79.508]],"c":true}]},{"t":42}]},"nm":"Path 1","mn":"ADBE Vector Shape - Group"},{"ty":"fl","c":{"k":[0.99,0.79,0.15,1]},"o":{"k":100},"nm":"Fill 1","mn":"ADBE Vector Graphic - Fill"},{"ty":"tr","p":{"k":[0,0],"ix":2},"a":{"k":[0,0],"ix":1},"s":{"k":[100,100],"ix":3},"r":{"k":0,"ix":6},"o":{"k":100,"ix":7},"sk":{"k":0,"ix":4},"sa":{"k":0,"ix":5},"nm":"Transform"}],"nm":"Shape 1","np":3,"mn":"ADBE Vector Group"}],"ip":4,"op":43,"st":4,"bm":0,"sr":1}]}],"layers":[{"ddd":0,"ind":1,"ty":0,"nm":"Flamecyclop","refId":"comp_1","ks":{"o":{"k":100},"r":{"k":0},"p":{"k":[{"i":{"x":0.833,"y":0.833},"o":{"x":0.167,"y":0.167},"n":"0p833_0p833_0p167_0p167","t":0,"s":[212,146,0],"e":[212,146,0],"to":[0,0,0],"ti":[0,0,0]},{"i":{"x":0.833,"y":0.833},"o":{"x":0.167,"y":0.167},"n":"0p833_0p833_0p167_0p167","t":1,"s":[212,146,0],"e":[218.02,150.17,0],"to":[0,0,0],"ti":[0,0,0]},{"i":{"x":0.833,"y":0.833},"o":{"x":0.167,"y":0.167},"n":"0p833_0p833_0p167_0p167","t":3,"s":[218.02,150.17,0],"e":[196,152,0],"to":[0,0,0],"ti":[0,0,0]},{"t":4}]},"a":{"k":[400,300,0]},"s":{"k":[70,70,100]}},"ao":0,"w":800,"h":600,"ip":0,"op":58,"st":0,"bm":0,"sr":1}],"v":"4.5.4","ddd":0,"ip":0,"op":44,"fr":14,"w":400,"h":400}