{"v":"4.5.5","fr":30,"ip":0,"op":59,"w":36,"h":36,"ddd":0,"assets":[],"layers":[{"ddd":0,"ind":0,"ty":4,"nm":"arrow_head_left_ouro2","parent":2,"ks":{"o":{"a":0,"k":100},"r":{"a":0,"k":0},"p":{"a":0,"k":[0,0,0]},"a":{"a":0,"k":[0,0,0]},"s":{"a":0,"k":[100,100,100]}},"ao":0,"ef":[{"ty":5,"nm":"Ouroboros","mn":"Pseudo/Ouroboros-5220","ix":1,"en":1,"ef":[{"ty":0,"nm":"Stroke Width","mn":"Pseudo/Ouroboros-5220-0001","ix":1,"v":{"a":0,"k":2}},{"ty":7,"nm":"Width Random","mn":"Pseudo/Ouroboros-5220-0002","ix":2,"v":{"a":0,"k":0}},{"ty":7,"nm":"Opacity","mn":"Pseudo/Ouroboros-5220-0003","ix":3,"v":{"a":0,"k":100}},{"ty":7,"nm":"Opacity Random","mn":"Pseudo/Ouroboros-5220-0004","ix":4,"v":{"a":0,"k":0}},{"ty":7,"nm":"Random Seed","mn":"Pseudo/Ouroboros-5220-0005","ix":5,"v":{"a":0,"k":1337}},{"ty":6,"nm":"","mn":"Pseudo/Ouroboros-5220-0006","ix":6,"v":0},{"ty":6,"nm":"","mn":"Pseudo/Ouroboros-5220-0007","ix":7,"v":0},{"ty":6,"nm":"Trim","mn":"Pseudo/Ouroboros-5220-0008","ix":8,"v":0},{"ty":6,"nm":"","mn":"Pseudo/Ouroboros-5220-0009","ix":9,"v":0},{"ty":0,"nm":"Start","mn":"Pseudo/Ouroboros-5220-0010","ix":10,"v":{"a":0,"k":0}},{"ty":0,"nm":"End","mn":"Pseudo/Ouroboros-5220-0011","ix":11,"v":{"a":1,"k":[{"i":{"x":[0.833],"y":[0.833]},"o":{"x":[0.167],"y":[0.167]},"n":["0p833_0p833_0p167_0p167"],"t":0,"s":[0],"e":[100]},{"t":15}]}},{"ty":0,"nm":"Offset","mn":"Pseudo/Ouroboros-5220-0012","ix":12,"v":{"a":0,"k":0}},{"ty":7,"nm":"Length Random","mn":"Pseudo/Ouroboros-5220-0013","ix":13,"v":{"a":0,"k":0}},{"ty":7,"nm":"Offset Random","mn":"Pseudo/Ouroboros-5220-0014","ix":14,"v":{"a":0,"k":0}},{"ty":7,"nm":"Link Start","mn":"Pseudo/Ouroboros-5220-0015","ix":15,"v":{"a":0,"k":0}},{"ty":7,"nm":"Link End","mn":"Pseudo/Ouroboros-5220-0016","ix":16,"v":{"a":0,"k":0}},{"ty":6,"nm":"","mn":"Pseudo/Ouroboros-5220-0017","ix":17,"v":0},{"ty":6,"nm":"","mn":"Pseudo/Ouroboros-5220-0018","ix":18,"v":0},{"ty":6,"nm":"Move","mn":"Pseudo/Ouroboros-5220-0019","ix":19,"v":0},{"ty":6,"nm":"","mn":"Pseudo/Ouroboros-5220-0020","ix":20,"v":0},{"ty":7,"nm":"Delay","mn":"Pseudo/Ouroboros-5220-0021","ix":21,"v":{"a":0,"k":0}},{"ty":7,"nm":"Delay Random","mn":"Pseudo/Ouroboros-5220-0022","ix":22,"v":{"a":0,"k":0}},{"ty":0,"nm":"Speed","mn":"Pseudo/Ouroboros-5220-0023","ix":23,"v":{"a":0,"k":100}},{"ty":7,"nm":"Speed Random","mn":"Pseudo/Ouroboros-5220-0024","ix":24,"v":{"a":0,"k":0}},{"ty":6,"nm":"","mn":"Pseudo/Ouroboros-5220-0025","ix":25,"v":0},{"ty":6,"nm":"","mn":"Pseudo/Ouroboros-5220-0026","ix":26,"v":0},{"ty":6,"nm":"Dot Start","mn":"Pseudo/Ouroboros-5220-0027","ix":27,"v":0},{"ty":6,"nm":"","mn":"Pseudo/Ouroboros-5220-0028","ix":28,"v":0},{"ty":7,"nm":"Size","mn":"Pseudo/Ouroboros-5220-0029","ix":29,"v":{"a":0,"k":100}},{"ty":7,"nm":"Position","mn":"Pseudo/Ouroboros-5220-0030","ix":30,"v":{"a":0,"k":0}},{"ty":7,"nm":"Length","mn":"Pseudo/Ouroboros-5220-0031","ix":31,"v":{"a":0,"k":0}},{"ty":6,"nm":"","mn":"Pseudo/Ouroboros-5220-0032","ix":32,"v":0},{"ty":6,"nm":"","mn":"Pseudo/Ouroboros-5220-0033","ix":33,"v":0},{"ty":6,"nm":"Dot End","mn":"Pseudo/Ouroboros-5220-0034","ix":34,"v":0},{"ty":6,"nm":"","mn":"Pseudo/Ouroboros-5220-0035","ix":35,"v":0},{"ty":7,"nm":"Size","mn":"Pseudo/Ouroboros-5220-0036","ix":36,"v":{"a":0,"k":100}},{"ty":7,"nm":"Position","mn":"Pseudo/Ouroboros-5220-0037","ix":37,"v":{"a":0,"k":100}},{"ty":7,"nm":"Length","mn":"Pseudo/Ouroboros-5220-0038","ix":38,"v":{"a":0,"k":0}},{"ty":6,"nm":"","mn":"Pseudo/Ouroboros-5220-0039","ix":39,"v":0},{"ty":6,"nm":"","mn":"Pseudo/Ouroboros-5220-0040","ix":40,"v":0},{"ty":6,"nm":"Settings","mn":"Pseudo/Ouroboros-5220-0041","ix":41,"v":0},{"ty":7,"nm":"Maintain Width","mn":"Pseudo/Ouroboros-5220-0042","ix":42,"v":{"a":0,"k":0}},{"ty":7,"nm":"Keyframe Speed","mn":"Pseudo/Ouroboros-5220-0043","ix":43,"v":{"a":0,"k":0}},{"ty":6,"nm":"","mn":"Pseudo/Ouroboros-5220-0044","ix":44,"v":0}]}],"shapes":[{"ty":"gr","it":[{"ty":"gr","it":[{"ind":0,"ty":"sh","ks":{"a":0,"k":{"i":[[0,0],[0,0]],"o":[[0,0],[0,0]],"v":[[0.432,-11.899],[-4.781,-14.96]],"c":false},"x":"var $bm_rt;\n$bm_rt = thisLayer.parent.content('Group 1').content('ADBE Vector Shape - Group').path;"},"nm":"Path 1","mn":"ADBE Vector Shape - Group"},{"ty":"st","c":{"a":0,"k":[1,0.4,0.2,1]},"o":{"a":0,"k":100},"w":{"a":0,"k":2.5,"x":"var $bm_rt;\nvar strokeWidth = effect('Ouroboros')('Stroke Width');\n$bm_rt = strokeWidth;"},"lc":1,"lj":2,"nm":"Stroke 1","mn":"ADBE Vector Graphic - Stroke"},{"ty":"tm","s":{"a":0,"k":0,"x":"var $bm_rt;\nvar trimStart = sub(effect('Ouroboros')('Start'), 100);\nvar start = 0;\nvar end = 100;\nvar numStrokes = thisProperty.propertyGroup(4).numProperties;\nvar strokeLength = div(length(start, end), numStrokes);\nvar trim = mul(strokeLength, div(trimStart, 100));\nstrokeLength = sum(50, div(strokeLength, 2));\n$bm_rt = sum(strokeLength, trim);","ix":1},"e":{"a":0,"k":25,"x":"var $bm_rt;\nvar trimEnd = effect('Ouroboros')('End');\nvar start = 0;\nvar end = 100;\nvar numStrokes = thisProperty.propertyGroup(4).numProperties;\nvar strokeLength = div(length(start, end), numStrokes);\nvar trim = mul(strokeLength, div(trimEnd, 100));\nstrokeLength = sub(50, div(strokeLength, 2));\n$bm_rt = sum(strokeLength, trim);","ix":2},"o":{"a":0,"k":270,"x":"var $bm_rt;\nvar start = 0;\nvar end = 100;\nvar strokeIndex = thisProperty.propertyGroup(3)._name.replace('Stroke Ouroboros ', '');\nvar numStrokes = thisProperty.propertyGroup(4).numProperties;\nvar strokeLength = div(length(start, end), numStrokes);\nvar strokePos = mul(strokeLength, strokeIndex);\nvar strokeOrder = sub(strokePos, div(strokeLength, 2));\nvar strokeOffset = sum(180, effect('Ouroboros')('Offset'));\nvar sped = effect('Ouroboros')('Speed');\nvar degree = mul(framesToTime(div(1, thisComp.frameDuration)), 3.6);\nsped *= degree;\n$bm_rt = sum(sum(strokeOffset, mul(strokeOrder, 3.6)), mul(time, sped));","ix":3},"m":1,"ix":3,"nm":"Trim Paths 1","mn":"ADBE Vector Filter - Trim"},{"ty":"tr","p":{"a":0,"k":[0,0],"ix":2},"a":{"a":0,"k":[0,0],"ix":1},"s":{"a":0,"k":[100,100],"ix":3},"r":{"a":0,"k":0,"ix":6},"o":{"a":0,"k":100,"ix":7},"sk":{"a":0,"k":0,"ix":4},"sa":{"a":0,"k":0,"ix":5},"nm":"Transform"}],"nm":"Stroke Ouroboros 4","np":3,"mn":"ADBE Vector Group"},{"ty":"gr","it":[{"ind":0,"ty":"sh","ks":{"a":0,"k":{"i":[[0,0],[0,0]],"o":[[0,0],[0,0]],"v":[[0.432,-11.899],[-4.781,-14.96]],"c":false},"x":"var $bm_rt;\n$bm_rt = thisLayer.parent.content('Group 1').content('ADBE Vector Shape - Group').path;"},"nm":"Path 1","mn":"ADBE Vector Shape - Group"},{"ty":"st","c":{"a":0,"k":[0,0.72,0.26,1]},"o":{"a":0,"k":100},"w":{"a":0,"k":2.5,"x":"var $bm_rt;\nvar strokeWidth = effect('Ouroboros')('Stroke Width');\n$bm_rt = strokeWidth;"},"lc":1,"lj":2,"nm":"Stroke 1","mn":"ADBE Vector Graphic - Stroke"},{"ty":"tm","s":{"a":0,"k":0,"x":"var $bm_rt;\nvar trimStart = sub(effect('Ouroboros')('Start'), 100);\nvar start = 0;\nvar end = 100;\nvar numStrokes = thisProperty.propertyGroup(4).numProperties;\nvar strokeLength = div(length(start, end), numStrokes);\nvar trim = mul(strokeLength, div(trimStart, 100));\nstrokeLength = sum(50, div(strokeLength, 2));\n$bm_rt = sum(strokeLength, trim);","ix":1},"e":{"a":0,"k":25,"x":"var $bm_rt;\nvar trimEnd = effect('Ouroboros')('End');\nvar start = 0;\nvar end = 100;\nvar numStrokes = thisProperty.propertyGroup(4).numProperties;\nvar strokeLength = div(length(start, end), numStrokes);\nvar trim = mul(strokeLength, div(trimEnd, 100));\nstrokeLength = sub(50, div(strokeLength, 2));\n$bm_rt = sum(strokeLength, trim);","ix":2},"o":{"a":0,"k":180,"x":"var $bm_rt;\nvar start = 0;\nvar end = 100;\nvar strokeIndex = thisProperty.propertyGroup(3)._name.replace('Stroke Ouroboros ', '');\nvar numStrokes = thisProperty.propertyGroup(4).numProperties;\nvar strokeLength = div(length(start, end), numStrokes);\nvar strokePos = mul(strokeLength, strokeIndex);\nvar strokeOrder = sub(strokePos, div(strokeLength, 2));\nvar strokeOffset = sum(180, effect('Ouroboros')('Offset'));\nvar sped = effect('Ouroboros')('Speed');\nvar degree = mul(framesToTime(div(1, thisComp.frameDuration)), 3.6);\nsped *= degree;\n$bm_rt = sum(sum(strokeOffset, mul(strokeOrder, 3.6)), mul(time, sped));","ix":3},"m":1,"ix":3,"nm":"Trim Paths 1","mn":"ADBE Vector Filter - Trim"},{"ty":"tr","p":{"a":0,"k":[0,0],"ix":2},"a":{"a":0,"k":[0,0],"ix":1},"s":{"a":0,"k":[100,100],"ix":3},"r":{"a":0,"k":0,"ix":6},"o":{"a":0,"k":100,"ix":7},"sk":{"a":0,"k":0,"ix":4},"sa":{"a":0,"k":0,"ix":5},"nm":"Transform"}],"nm":"Stroke Ouroboros 3","np":3,"mn":"ADBE Vector Group"},{"ty":"gr","it":[{"ind":0,"ty":"sh","ks":{"a":0,"k":{"i":[[0,0],[0,0]],"o":[[0,0],[0,0]],"v":[[0.432,-11.899],[-4.781,-14.96]],"c":false},"x":"var $bm_rt;\n$bm_rt = thisLayer.parent.content('Group 1').content('ADBE Vector Shape - Group').path;"},"nm":"Path 1","mn":"ADBE Vector Shape - Group"},{"ty":"st","c":{"a":0,"k":[1,0.8,0,1]},"o":{"a":0,"k":100},"w":{"a":0,"k":2.5,"x":"var $bm_rt;\nvar strokeWidth = effect('Ouroboros')('Stroke Width');\n$bm_rt = strokeWidth;"},"lc":1,"lj":2,"nm":"Stroke 1","mn":"ADBE Vector Graphic - Stroke"},{"ty":"tm","s":{"a":0,"k":0,"x":"var $bm_rt;\nvar trimStart = sub(effect('Ouroboros')('Start'), 100);\nvar start = 0;\nvar end = 100;\nvar numStrokes = thisProperty.propertyGroup(4).numProperties;\nvar strokeLength = div(length(start, end), numStrokes);\nvar trim = mul(strokeLength, div(trimStart, 100));\nstrokeLength = sum(50, div(strokeLength, 2));\n$bm_rt = sum(strokeLength, trim);","ix":1},"e":{"a":0,"k":25,"x":"var $bm_rt;\nvar trimEnd = effect('Ouroboros')('End');\nvar start = 0;\nvar end = 100;\nvar numStrokes = thisProperty.propertyGroup(4).numProperties;\nvar strokeLength = div(length(start, end), numStrokes);\nvar trim = mul(strokeLength, div(trimEnd, 100));\nstrokeLength = sub(50, div(strokeLength, 2));\n$bm_rt = sum(strokeLength, trim);","ix":2},"o":{"a":0,"k":90,"x":"var $bm_rt;\nvar start = 0;\nvar end = 100;\nvar strokeIndex = thisProperty.propertyGroup(3)._name.replace('Stroke Ouroboros ', '');\nvar numStrokes = thisProperty.propertyGroup(4).numProperties;\nvar strokeLength = div(length(start, end), numStrokes);\nvar strokePos = mul(strokeLength, strokeIndex);\nvar strokeOrder = sub(strokePos, div(strokeLength, 2));\nvar strokeOffset = sum(180, effect('Ouroboros')('Offset'));\nvar sped = effect('Ouroboros')('Speed');\nvar degree = mul(framesToTime(div(1, thisComp.frameDuration)), 3.6);\nsped *= degree;\n$bm_rt = sum(sum(strokeOffset, mul(strokeOrder, 3.6)), mul(time, sped));","ix":3},"m":1,"ix":3,"nm":"Trim Paths 1","mn":"ADBE Vector Filter - Trim"},{"ty":"tr","p":{"a":0,"k":[0,0],"ix":2},"a":{"a":0,"k":[0,0],"ix":1},"s":{"a":0,"k":[100,100],"ix":3},"r":{"a":0,"k":0,"ix":6},"o":{"a":0,"k":100,"ix":7},"sk":{"a":0,"k":0,"ix":4},"sa":{"a":0,"k":0,"ix":5},"nm":"Transform"}],"nm":"Stroke Ouroboros 2","np":3,"mn":"ADBE Vector Group"},{"ty":"gr","it":[{"ind":0,"ty":"sh","ks":{"a":0,"k":{"i":[[0,0],[0,0]],"o":[[0,0],[0,0]],"v":[[0.432,-11.899],[-4.781,-14.96]],"c":false},"x":"var $bm_rt;\n$bm_rt = thisLayer.parent.content('Group 1').content('ADBE Vector Shape - Group').path;"},"nm":"Path 1","mn":"ADBE Vector Shape - Group"},{"ty":"st","c":{"a":0,"k":[0,0.6,0.8,1]},"o":{"a":0,"k":100},"w":{"a":0,"k":2.5,"x":"var $bm_rt;\nvar strokeWidth = effect('Ouroboros')('Stroke Width');\n$bm_rt = strokeWidth;"},"lc":1,"lj":2,"nm":"Stroke 1","mn":"ADBE Vector Graphic - Stroke"},{"ty":"tm","s":{"a":0,"k":0,"x":"var $bm_rt;\nvar trimStart = sub(effect('Ouroboros')('Start'), 100);\nvar start = 0;\nvar end = 100;\nvar numStrokes = thisProperty.propertyGroup(4).numProperties;\nvar strokeLength = div(length(start, end), numStrokes);\nvar trim = mul(strokeLength, div(trimStart, 100));\nstrokeLength = sum(50, div(strokeLength, 2));\n$bm_rt = sum(strokeLength, trim);","ix":1},"e":{"a":0,"k":25,"x":"var $bm_rt;\nvar trimEnd = effect('Ouroboros')('End');\nvar start = 0;\nvar end = 100;\nvar numStrokes = thisProperty.propertyGroup(4).numProperties;\nvar strokeLength = div(length(start, end), numStrokes);\nvar trim = mul(strokeLength, div(trimEnd, 100));\nstrokeLength = sub(50, div(strokeLength, 2));\n$bm_rt = sum(strokeLength, trim);","ix":2},"o":{"a":0,"k":0,"x":"var $bm_rt;\nvar start = 0;\nvar end = 100;\nvar strokeIndex = thisProperty.propertyGroup(3)._name.replace('Stroke Ouroboros ', '');\nvar numStrokes = thisProperty.propertyGroup(4).numProperties;\nvar strokeLength = div(length(start, end), numStrokes);\nvar strokePos = mul(strokeLength, strokeIndex);\nvar strokeOrder = sub(strokePos, div(strokeLength, 2));\nvar strokeOffset = sum(180, effect('Ouroboros')('Offset'));\nvar sped = effect('Ouroboros')('Speed');\nvar degree = mul(framesToTime(div(1, thisComp.frameDuration)), 3.6);\nsped *= degree;\n$bm_rt = sum(sum(strokeOffset, mul(strokeOrder, 3.6)), mul(time, sped));","ix":3},"m":1,"ix":3,"nm":"Trim Paths 1","mn":"ADBE Vector Filter - Trim"},{"ty":"tr","p":{"a":0,"k":[0,0],"ix":2},"a":{"a":0,"k":[0,0],"ix":1},"s":{"a":0,"k":[100,100],"ix":3},"r":{"a":0,"k":0,"ix":6},"o":{"a":0,"k":100,"ix":7},"sk":{"a":0,"k":0,"ix":4},"sa":{"a":0,"k":0,"ix":5},"nm":"Transform"}],"nm":"Stroke Ouroboros 1","np":3,"mn":"ADBE Vector Group"},{"ty":"tr","p":{"a":0,"k":[0,0],"x":"var $bm_rt;\n$bm_rt = thisLayer.parent.content(1).transform.position;","ix":2},"a":{"a":0,"k":[0,0],"x":"var $bm_rt;\n$bm_rt = thisLayer.parent.content(1).transform.anchorPoint;","ix":1},"s":{"a":0,"k":[100,100],"x":"var $bm_rt;\n$bm_rt = thisLayer.parent.content(1).transform.scale;","ix":3},"r":{"a":0,"k":0,"x":"var $bm_rt;\n$bm_rt = thisLayer.parent.content(1).transform.rotation;","ix":6},"o":{"a":0,"k":100,"ix":7},"sk":{"a":0,"k":0,"x":"var $bm_rt;\n$bm_rt = thisLayer.parent.content(1).transform.skew;","ix":4},"sa":{"a":0,"k":0,"x":"var $bm_rt;\n$bm_rt = thisLayer.parent.content(1).transform.skewAxis;","ix":5},"nm":"Transform"}],"nm":"Group 1 - Ouroboros","np":4,"mn":"ADBE Vector Group"}],"ip":0,"op":152,"st":0,"bm":0,"sr":1},{"ddd":0,"ind":1,"ty":4,"nm":"arrow_head_left_ouro1","parent":2,"ks":{"o":{"a":0,"k":100},"r":{"a":0,"k":180},"p":{"a":0,"k":[0,0,0]},"a":{"a":0,"k":[0,0,0]},"s":{"a":0,"k":[100,100,100]}},"ao":0,"ef":[{"ty":5,"nm":"Ouroboros","mn":"Pseudo/Ouroboros-5220","ix":1,"en":1,"ef":[{"ty":0,"nm":"Stroke Width","mn":"Pseudo/Ouroboros-5220-0001","ix":1,"v":{"a":0,"k":2}},{"ty":7,"nm":"Width Random","mn":"Pseudo/Ouroboros-5220-0002","ix":2,"v":{"a":0,"k":0}},{"ty":7,"nm":"Opacity","mn":"Pseudo/Ouroboros-5220-0003","ix":3,"v":{"a":0,"k":100}},{"ty":7,"nm":"Opacity Random","mn":"Pseudo/Ouroboros-5220-0004","ix":4,"v":{"a":0,"k":0}},{"ty":7,"nm":"Random Seed","mn":"Pseudo/Ouroboros-5220-0005","ix":5,"v":{"a":0,"k":1337}},{"ty":6,"nm":"","mn":"Pseudo/Ouroboros-5220-0006","ix":6,"v":0},{"ty":6,"nm":"","mn":"Pseudo/Ouroboros-5220-0007","ix":7,"v":0},{"ty":6,"nm":"Trim","mn":"Pseudo/Ouroboros-5220-0008","ix":8,"v":0},{"ty":6,"nm":"","mn":"Pseudo/Ouroboros-5220-0009","ix":9,"v":0},{"ty":0,"nm":"Start","mn":"Pseudo/Ouroboros-5220-0010","ix":10,"v":{"a":0,"k":0}},{"ty":0,"nm":"End","mn":"Pseudo/Ouroboros-5220-0011","ix":11,"v":{"a":1,"k":[{"i":{"x":[0.833],"y":[0.833]},"o":{"x":[0.167],"y":[0.167]},"n":["0p833_0p833_0p167_0p167"],"t":0,"s":[0],"e":[100]},{"t":15}]}},{"ty":0,"nm":"Offset","mn":"Pseudo/Ouroboros-5220-0012","ix":12,"v":{"a":0,"k":0}},{"ty":7,"nm":"Length Random","mn":"Pseudo/Ouroboros-5220-0013","ix":13,"v":{"a":0,"k":0}},{"ty":7,"nm":"Offset Random","mn":"Pseudo/Ouroboros-5220-0014","ix":14,"v":{"a":0,"k":0}},{"ty":7,"nm":"Link Start","mn":"Pseudo/Ouroboros-5220-0015","ix":15,"v":{"a":0,"k":0}},{"ty":7,"nm":"Link End","mn":"Pseudo/Ouroboros-5220-0016","ix":16,"v":{"a":0,"k":0}},{"ty":6,"nm":"","mn":"Pseudo/Ouroboros-5220-0017","ix":17,"v":0},{"ty":6,"nm":"","mn":"Pseudo/Ouroboros-5220-0018","ix":18,"v":0},{"ty":6,"nm":"Move","mn":"Pseudo/Ouroboros-5220-0019","ix":19,"v":0},{"ty":6,"nm":"","mn":"Pseudo/Ouroboros-5220-0020","ix":20,"v":0},{"ty":7,"nm":"Delay","mn":"Pseudo/Ouroboros-5220-0021","ix":21,"v":{"a":0,"k":0}},{"ty":7,"nm":"Delay Random","mn":"Pseudo/Ouroboros-5220-0022","ix":22,"v":{"a":0,"k":0}},{"ty":0,"nm":"Speed","mn":"Pseudo/Ouroboros-5220-0023","ix":23,"v":{"a":0,"k":100}},{"ty":7,"nm":"Speed Random","mn":"Pseudo/Ouroboros-5220-0024","ix":24,"v":{"a":0,"k":0}},{"ty":6,"nm":"","mn":"Pseudo/Ouroboros-5220-0025","ix":25,"v":0},{"ty":6,"nm":"","mn":"Pseudo/Ouroboros-5220-0026","ix":26,"v":0},{"ty":6,"nm":"Dot Start","mn":"Pseudo/Ouroboros-5220-0027","ix":27,"v":0},{"ty":6,"nm":"","mn":"Pseudo/Ouroboros-5220-0028","ix":28,"v":0},{"ty":7,"nm":"Size","mn":"Pseudo/Ouroboros-5220-0029","ix":29,"v":{"a":0,"k":100}},{"ty":7,"nm":"Position","mn":"Pseudo/Ouroboros-5220-0030","ix":30,"v":{"a":0,"k":0}},{"ty":7,"nm":"Length","mn":"Pseudo/Ouroboros-5220-0031","ix":31,"v":{"a":0,"k":0}},{"ty":6,"nm":"","mn":"Pseudo/Ouroboros-5220-0032","ix":32,"v":0},{"ty":6,"nm":"","mn":"Pseudo/Ouroboros-5220-0033","ix":33,"v":0},{"ty":6,"nm":"Dot End","mn":"Pseudo/Ouroboros-5220-0034","ix":34,"v":0},{"ty":6,"nm":"","mn":"Pseudo/Ouroboros-5220-0035","ix":35,"v":0},{"ty":7,"nm":"Size","mn":"Pseudo/Ouroboros-5220-0036","ix":36,"v":{"a":0,"k":100}},{"ty":7,"nm":"Position","mn":"Pseudo/Ouroboros-5220-0037","ix":37,"v":{"a":0,"k":100}},{"ty":7,"nm":"Length","mn":"Pseudo/Ouroboros-5220-0038","ix":38,"v":{"a":0,"k":0}},{"ty":6,"nm":"","mn":"Pseudo/Ouroboros-5220-0039","ix":39,"v":0},{"ty":6,"nm":"","mn":"Pseudo/Ouroboros-5220-0040","ix":40,"v":0},{"ty":6,"nm":"Settings","mn":"Pseudo/Ouroboros-5220-0041","ix":41,"v":0},{"ty":7,"nm":"Maintain Width","mn":"Pseudo/Ouroboros-5220-0042","ix":42,"v":{"a":0,"k":0}},{"ty":7,"nm":"Keyframe Speed","mn":"Pseudo/Ouroboros-5220-0043","ix":43,"v":{"a":0,"k":0}},{"ty":6,"nm":"","mn":"Pseudo/Ouroboros-5220-0044","ix":44,"v":0}]}],"shapes":[{"ty":"gr","it":[{"ty":"gr","it":[{"ind":0,"ty":"sh","ks":{"a":0,"k":{"i":[[0,0],[0,0]],"o":[[0,0],[0,0]],"v":[[0.432,-11.899],[-4.781,-14.96]],"c":false},"x":"var $bm_rt;\n$bm_rt = thisLayer.parent.content('Group 1').content('ADBE Vector Shape - Group').path;"},"nm":"Path 1","mn":"ADBE Vector Shape - Group"},{"ty":"st","c":{"a":0,"k":[1,0.4,0.2,1]},"o":{"a":0,"k":100},"w":{"a":0,"k":2.5,"x":"var $bm_rt;\nvar strokeWidth = effect('Ouroboros')('Stroke Width');\n$bm_rt = strokeWidth;"},"lc":1,"lj":2,"nm":"Stroke 1","mn":"ADBE Vector Graphic - Stroke"},{"ty":"tm","s":{"a":0,"k":0,"x":"var $bm_rt;\nvar trimStart = sub(effect('Ouroboros')('Start'), 100);\nvar start = 0;\nvar end = 100;\nvar numStrokes = thisProperty.propertyGroup(4).numProperties;\nvar strokeLength = div(length(start, end), numStrokes);\nvar trim = mul(strokeLength, div(trimStart, 100));\nstrokeLength = sum(50, div(strokeLength, 2));\n$bm_rt = sum(strokeLength, trim);","ix":1},"e":{"a":0,"k":25,"x":"var $bm_rt;\nvar trimEnd = effect('Ouroboros')('End');\nvar start = 0;\nvar end = 100;\nvar numStrokes = thisProperty.propertyGroup(4).numProperties;\nvar strokeLength = div(length(start, end), numStrokes);\nvar trim = mul(strokeLength, div(trimEnd, 100));\nstrokeLength = sub(50, div(strokeLength, 2));\n$bm_rt = sum(strokeLength, trim);","ix":2},"o":{"a":0,"k":270,"x":"var $bm_rt;\nvar start = 0;\nvar end = 100;\nvar strokeIndex = thisProperty.propertyGroup(3)._name.replace('Stroke Ouroboros ', '');\nvar numStrokes = thisProperty.propertyGroup(4).numProperties;\nvar strokeLength = div(length(start, end), numStrokes);\nvar strokePos = mul(strokeLength, strokeIndex);\nvar strokeOrder = sub(strokePos, div(strokeLength, 2));\nvar strokeOffset = sum(180, effect('Ouroboros')('Offset'));\nvar sped = effect('Ouroboros')('Speed');\nvar degree = mul(framesToTime(div(1, thisComp.frameDuration)), 3.6);\nsped *= degree;\n$bm_rt = sum(sum(strokeOffset, mul(strokeOrder, 3.6)), mul(time, sped));","ix":3},"m":1,"ix":3,"nm":"Trim Paths 1","mn":"ADBE Vector Filter - Trim"},{"ty":"tr","p":{"a":0,"k":[0,0],"ix":2},"a":{"a":0,"k":[0,0],"ix":1},"s":{"a":0,"k":[100,100],"ix":3},"r":{"a":0,"k":0,"ix":6},"o":{"a":0,"k":100,"ix":7},"sk":{"a":0,"k":0,"ix":4},"sa":{"a":0,"k":0,"ix":5},"nm":"Transform"}],"nm":"Stroke Ouroboros 4","np":3,"mn":"ADBE Vector Group"},{"ty":"gr","it":[{"ind":0,"ty":"sh","ks":{"a":0,"k":{"i":[[0,0],[0,0]],"o":[[0,0],[0,0]],"v":[[0.432,-11.899],[-4.781,-14.96]],"c":false},"x":"var $bm_rt;\n$bm_rt = thisLayer.parent.content('Group 1').content('ADBE Vector Shape - Group').path;"},"nm":"Path 1","mn":"ADBE Vector Shape - Group"},{"ty":"st","c":{"a":0,"k":[0,0.72,0.26,1]},"o":{"a":0,"k":100},"w":{"a":0,"k":2.5,"x":"var $bm_rt;\nvar strokeWidth = effect('Ouroboros')('Stroke Width');\n$bm_rt = strokeWidth;"},"lc":1,"lj":2,"nm":"Stroke 1","mn":"ADBE Vector Graphic - Stroke"},{"ty":"tm","s":{"a":0,"k":0,"x":"var $bm_rt;\nvar trimStart = sub(effect('Ouroboros')('Start'), 100);\nvar start = 0;\nvar end = 100;\nvar numStrokes = thisProperty.propertyGroup(4).numProperties;\nvar strokeLength = div(length(start, end), numStrokes);\nvar trim = mul(strokeLength, div(trimStart, 100));\nstrokeLength = sum(50, div(strokeLength, 2));\n$bm_rt = sum(strokeLength, trim);","ix":1},"e":{"a":0,"k":25,"x":"var $bm_rt;\nvar trimEnd = effect('Ouroboros')('End');\nvar start = 0;\nvar end = 100;\nvar numStrokes = thisProperty.propertyGroup(4).numProperties;\nvar strokeLength = div(length(start, end), numStrokes);\nvar trim = mul(strokeLength, div(trimEnd, 100));\nstrokeLength = sub(50, div(strokeLength, 2));\n$bm_rt = sum(strokeLength, trim);","ix":2},"o":{"a":0,"k":180,"x":"var $bm_rt;\nvar start = 0;\nvar end = 100;\nvar strokeIndex = thisProperty.propertyGroup(3)._name.replace('Stroke Ouroboros ', '');\nvar numStrokes = thisProperty.propertyGroup(4).numProperties;\nvar strokeLength = div(length(start, end), numStrokes);\nvar strokePos = mul(strokeLength, strokeIndex);\nvar strokeOrder = sub(strokePos, div(strokeLength, 2));\nvar strokeOffset = sum(180, effect('Ouroboros')('Offset'));\nvar sped = effect('Ouroboros')('Speed');\nvar degree = mul(framesToTime(div(1, thisComp.frameDuration)), 3.6);\nsped *= degree;\n$bm_rt = sum(sum(strokeOffset, mul(strokeOrder, 3.6)), mul(time, sped));","ix":3},"m":1,"ix":3,"nm":"Trim Paths 1","mn":"ADBE Vector Filter - Trim"},{"ty":"tr","p":{"a":0,"k":[0,0],"ix":2},"a":{"a":0,"k":[0,0],"ix":1},"s":{"a":0,"k":[100,100],"ix":3},"r":{"a":0,"k":0,"ix":6},"o":{"a":0,"k":100,"ix":7},"sk":{"a":0,"k":0,"ix":4},"sa":{"a":0,"k":0,"ix":5},"nm":"Transform"}],"nm":"Stroke Ouroboros 3","np":3,"mn":"ADBE Vector Group"},{"ty":"gr","it":[{"ind":0,"ty":"sh","ks":{"a":0,"k":{"i":[[0,0],[0,0]],"o":[[0,0],[0,0]],"v":[[0.432,-11.899],[-4.781,-14.96]],"c":false},"x":"var $bm_rt;\n$bm_rt = thisLayer.parent.content('Group 1').content('ADBE Vector Shape - Group').path;"},"nm":"Path 1","mn":"ADBE Vector Shape - Group"},{"ty":"st","c":{"a":0,"k":[1,0.8,0,1]},"o":{"a":0,"k":100},"w":{"a":0,"k":2.5,"x":"var $bm_rt;\nvar strokeWidth = effect('Ouroboros')('Stroke Width');\n$bm_rt = strokeWidth;"},"lc":1,"lj":2,"nm":"Stroke 1","mn":"ADBE Vector Graphic - Stroke"},{"ty":"tm","s":{"a":0,"k":0,"x":"var $bm_rt;\nvar trimStart = sub(effect('Ouroboros')('Start'), 100);\nvar start = 0;\nvar end = 100;\nvar numStrokes = thisProperty.propertyGroup(4).numProperties;\nvar strokeLength = div(length(start, end), numStrokes);\nvar trim = mul(strokeLength, div(trimStart, 100));\nstrokeLength = sum(50, div(strokeLength, 2));\n$bm_rt = sum(strokeLength, trim);","ix":1},"e":{"a":0,"k":25,"x":"var $bm_rt;\nvar trimEnd = effect('Ouroboros')('End');\nvar start = 0;\nvar end = 100;\nvar numStrokes = thisProperty.propertyGroup(4).numProperties;\nvar strokeLength = div(length(start, end), numStrokes);\nvar trim = mul(strokeLength, div(trimEnd, 100));\nstrokeLength = sub(50, div(strokeLength, 2));\n$bm_rt = sum(strokeLength, trim);","ix":2},"o":{"a":0,"k":90,"x":"var $bm_rt;\nvar start = 0;\nvar end = 100;\nvar strokeIndex = thisProperty.propertyGroup(3)._name.replace('Stroke Ouroboros ', '');\nvar numStrokes = thisProperty.propertyGroup(4).numProperties;\nvar strokeLength = div(length(start, end), numStrokes);\nvar strokePos = mul(strokeLength, strokeIndex);\nvar strokeOrder = sub(strokePos, div(strokeLength, 2));\nvar strokeOffset = sum(180, effect('Ouroboros')('Offset'));\nvar sped = effect('Ouroboros')('Speed');\nvar degree = mul(framesToTime(div(1, thisComp.frameDuration)), 3.6);\nsped *= degree;\n$bm_rt = sum(sum(strokeOffset, mul(strokeOrder, 3.6)), mul(time, sped));","ix":3},"m":1,"ix":3,"nm":"Trim Paths 1","mn":"ADBE Vector Filter - Trim"},{"ty":"tr","p":{"a":0,"k":[0,0],"ix":2},"a":{"a":0,"k":[0,0],"ix":1},"s":{"a":0,"k":[100,100],"ix":3},"r":{"a":0,"k":0,"ix":6},"o":{"a":0,"k":100,"ix":7},"sk":{"a":0,"k":0,"ix":4},"sa":{"a":0,"k":0,"ix":5},"nm":"Transform"}],"nm":"Stroke Ouroboros 2","np":3,"mn":"ADBE Vector Group"},{"ty":"gr","it":[{"ind":0,"ty":"sh","ks":{"a":0,"k":{"i":[[0,0],[0,0]],"o":[[0,0],[0,0]],"v":[[0.432,-11.899],[-4.781,-14.96]],"c":false},"x":"var $bm_rt;\n$bm_rt = thisLayer.parent.content('Group 1').content('ADBE Vector Shape - Group').path;"},"nm":"Path 1","mn":"ADBE Vector Shape - Group"},{"ty":"st","c":{"a":0,"k":[0,0.6,0.8,1]},"o":{"a":0,"k":100},"w":{"a":0,"k":2.5,"x":"var $bm_rt;\nvar strokeWidth = effect('Ouroboros')('Stroke Width');\n$bm_rt = strokeWidth;"},"lc":1,"lj":2,"nm":"Stroke 1","mn":"ADBE Vector Graphic - Stroke"},{"ty":"tm","s":{"a":0,"k":0,"x":"var $bm_rt;\nvar trimStart = sub(effect('Ouroboros')('Start'), 100);\nvar start = 0;\nvar end = 100;\nvar numStrokes = thisProperty.propertyGroup(4).numProperties;\nvar strokeLength = div(length(start, end), numStrokes);\nvar trim = mul(strokeLength, div(trimStart, 100));\nstrokeLength = sum(50, div(strokeLength, 2));\n$bm_rt = sum(strokeLength, trim);","ix":1},"e":{"a":0,"k":25,"x":"var $bm_rt;\nvar trimEnd = effect('Ouroboros')('End');\nvar start = 0;\nvar end = 100;\nvar numStrokes = thisProperty.propertyGroup(4).numProperties;\nvar strokeLength = div(length(start, end), numStrokes);\nvar trim = mul(strokeLength, div(trimEnd, 100));\nstrokeLength = sub(50, div(strokeLength, 2));\n$bm_rt = sum(strokeLength, trim);","ix":2},"o":{"a":0,"k":0,"x":"var $bm_rt;\nvar start = 0;\nvar end = 100;\nvar strokeIndex = thisProperty.propertyGroup(3)._name.replace('Stroke Ouroboros ', '');\nvar numStrokes = thisProperty.propertyGroup(4).numProperties;\nvar strokeLength = div(length(start, end), numStrokes);\nvar strokePos = mul(strokeLength, strokeIndex);\nvar strokeOrder = sub(strokePos, div(strokeLength, 2));\nvar strokeOffset = sum(180, effect('Ouroboros')('Offset'));\nvar sped = effect('Ouroboros')('Speed');\nvar degree = mul(framesToTime(div(1, thisComp.frameDuration)), 3.6);\nsped *= degree;\n$bm_rt = sum(sum(strokeOffset, mul(strokeOrder, 3.6)), mul(time, sped));","ix":3},"m":1,"ix":3,"nm":"Trim Paths 1","mn":"ADBE Vector Filter - Trim"},{"ty":"tr","p":{"a":0,"k":[0,0],"ix":2},"a":{"a":0,"k":[0,0],"ix":1},"s":{"a":0,"k":[100,100],"ix":3},"r":{"a":0,"k":0,"ix":6},"o":{"a":0,"k":100,"ix":7},"sk":{"a":0,"k":0,"ix":4},"sa":{"a":0,"k":0,"ix":5},"nm":"Transform"}],"nm":"Stroke Ouroboros 1","np":3,"mn":"ADBE Vector Group"},{"ty":"tr","p":{"a":0,"k":[0,0],"x":"var $bm_rt;\n$bm_rt = thisLayer.parent.content(1).transform.position;","ix":2},"a":{"a":0,"k":[0,0],"x":"var $bm_rt;\n$bm_rt = thisLayer.parent.content(1).transform.anchorPoint;","ix":1},"s":{"a":0,"k":[100,100],"x":"var $bm_rt;\n$bm_rt = thisLayer.parent.content(1).transform.scale;","ix":3},"r":{"a":0,"k":0,"x":"var $bm_rt;\n$bm_rt = thisLayer.parent.content(1).transform.rotation;","ix":6},"o":{"a":0,"k":100,"ix":7},"sk":{"a":0,"k":0,"x":"var $bm_rt;\n$bm_rt = thisLayer.parent.content(1).transform.skew;","ix":4},"sa":{"a":0,"k":0,"x":"var $bm_rt;\n$bm_rt = thisLayer.parent.content(1).transform.skewAxis;","ix":5},"nm":"Transform"}],"nm":"Group 1 - Ouroboros","np":4,"mn":"ADBE Vector Group"}],"ip":0,"op":152,"st":0,"bm":0,"sr":1},{"ddd":0,"ind":2,"ty":4,"nm":"arrow_head_left","hd":true,"ks":{"o":{"a":0,"k":100},"r":{"a":0,"k":180,"x":"var $bm_rt;\n$bm_rt = thisComp.layer('refresh Outlines').transform.rotation;"},"p":{"a":0,"k":[18,18,0]},"a":{"a":0,"k":[0,0,0]},"s":{"a":0,"k":[100,100,100]}},"ao":0,"shapes":[{"ty":"gr","it":[{"ind":0,"ty":"sh","ks":{"a":0,"k":{"i":[[0,0],[0,0]],"o":[[0,0],[0,0]],"v":[[0.432,-11.899],[-4.781,-14.96]],"c":false}},"nm":"Path 1","mn":"ADBE Vector Shape - Group"},{"ty":"st","c":{"a":0,"k":[0.7,0.7,0.7,1]},"o":{"a":0,"k":100},"w":{"a":0,"k":2},"lc":1,"lj":2,"nm":"Stroke 1","mn":"ADBE Vector Graphic - Stroke"},{"ty":"tr","p":{"a":0,"k":[0,0],"ix":2},"a":{"a":0,"k":[0,0],"ix":1},"s":{"a":0,"k":[100,100],"ix":3},"r":{"a":0,"k":0,"ix":6},"o":{"a":0,"k":100,"ix":7},"sk":{"a":0,"k":0,"ix":4},"sa":{"a":0,"k":0,"ix":5},"nm":"Transform"}],"nm":"Group 1","np":2,"mn":"ADBE Vector Group"}],"ip":0,"op":152,"st":0,"bm":0,"sr":1},{"ddd":0,"ind":3,"ty":4,"nm":"arrow_head_right_ouro2","parent":5,"ks":{"o":{"a":0,"k":100},"r":{"a":0,"k":0},"p":{"a":0,"k":[0,0,0]},"a":{"a":0,"k":[0,0,0]},"s":{"a":0,"k":[100,100,100]}},"ao":0,"ef":[{"ty":5,"nm":"Ouroboros","mn":"Pseudo/Ouroboros-5220","ix":1,"en":1,"ef":[{"ty":0,"nm":"Stroke Width","mn":"Pseudo/Ouroboros-5220-0001","ix":1,"v":{"a":0,"k":2}},{"ty":7,"nm":"Width Random","mn":"Pseudo/Ouroboros-5220-0002","ix":2,"v":{"a":0,"k":0}},{"ty":7,"nm":"Opacity","mn":"Pseudo/Ouroboros-5220-0003","ix":3,"v":{"a":0,"k":100}},{"ty":7,"nm":"Opacity Random","mn":"Pseudo/Ouroboros-5220-0004","ix":4,"v":{"a":0,"k":0}},{"ty":7,"nm":"Random Seed","mn":"Pseudo/Ouroboros-5220-0005","ix":5,"v":{"a":0,"k":1337}},{"ty":6,"nm":"","mn":"Pseudo/Ouroboros-5220-0006","ix":6,"v":0},{"ty":6,"nm":"","mn":"Pseudo/Ouroboros-5220-0007","ix":7,"v":0},{"ty":6,"nm":"Trim","mn":"Pseudo/Ouroboros-5220-0008","ix":8,"v":0},{"ty":6,"nm":"","mn":"Pseudo/Ouroboros-5220-0009","ix":9,"v":0},{"ty":0,"nm":"Start","mn":"Pseudo/Ouroboros-5220-0010","ix":10,"v":{"a":0,"k":0}},{"ty":0,"nm":"End","mn":"Pseudo/Ouroboros-5220-0011","ix":11,"v":{"a":1,"k":[{"i":{"x":[0.833],"y":[0.833]},"o":{"x":[0.167],"y":[0.167]},"n":["0p833_0p833_0p167_0p167"],"t":0,"s":[0],"e":[100]},{"t":15}]}},{"ty":0,"nm":"Offset","mn":"Pseudo/Ouroboros-5220-0012","ix":12,"v":{"a":0,"k":0}},{"ty":7,"nm":"Length Random","mn":"Pseudo/Ouroboros-5220-0013","ix":13,"v":{"a":0,"k":0}},{"ty":7,"nm":"Offset Random","mn":"Pseudo/Ouroboros-5220-0014","ix":14,"v":{"a":0,"k":0}},{"ty":7,"nm":"Link Start","mn":"Pseudo/Ouroboros-5220-0015","ix":15,"v":{"a":0,"k":0}},{"ty":7,"nm":"Link End","mn":"Pseudo/Ouroboros-5220-0016","ix":16,"v":{"a":0,"k":0}},{"ty":6,"nm":"","mn":"Pseudo/Ouroboros-5220-0017","ix":17,"v":0},{"ty":6,"nm":"","mn":"Pseudo/Ouroboros-5220-0018","ix":18,"v":0},{"ty":6,"nm":"Move","mn":"Pseudo/Ouroboros-5220-0019","ix":19,"v":0},{"ty":6,"nm":"","mn":"Pseudo/Ouroboros-5220-0020","ix":20,"v":0},{"ty":7,"nm":"Delay","mn":"Pseudo/Ouroboros-5220-0021","ix":21,"v":{"a":0,"k":0}},{"ty":7,"nm":"Delay Random","mn":"Pseudo/Ouroboros-5220-0022","ix":22,"v":{"a":0,"k":0}},{"ty":0,"nm":"Speed","mn":"Pseudo/Ouroboros-5220-0023","ix":23,"v":{"a":0,"k":100}},{"ty":7,"nm":"Speed Random","mn":"Pseudo/Ouroboros-5220-0024","ix":24,"v":{"a":0,"k":0}},{"ty":6,"nm":"","mn":"Pseudo/Ouroboros-5220-0025","ix":25,"v":0},{"ty":6,"nm":"","mn":"Pseudo/Ouroboros-5220-0026","ix":26,"v":0},{"ty":6,"nm":"Dot Start","mn":"Pseudo/Ouroboros-5220-0027","ix":27,"v":0},{"ty":6,"nm":"","mn":"Pseudo/Ouroboros-5220-0028","ix":28,"v":0},{"ty":7,"nm":"Size","mn":"Pseudo/Ouroboros-5220-0029","ix":29,"v":{"a":0,"k":100}},{"ty":7,"nm":"Position","mn":"Pseudo/Ouroboros-5220-0030","ix":30,"v":{"a":0,"k":0}},{"ty":7,"nm":"Length","mn":"Pseudo/Ouroboros-5220-0031","ix":31,"v":{"a":0,"k":0}},{"ty":6,"nm":"","mn":"Pseudo/Ouroboros-5220-0032","ix":32,"v":0},{"ty":6,"nm":"","mn":"Pseudo/Ouroboros-5220-0033","ix":33,"v":0},{"ty":6,"nm":"Dot End","mn":"Pseudo/Ouroboros-5220-0034","ix":34,"v":0},{"ty":6,"nm":"","mn":"Pseudo/Ouroboros-5220-0035","ix":35,"v":0},{"ty":7,"nm":"Size","mn":"Pseudo/Ouroboros-5220-0036","ix":36,"v":{"a":0,"k":100}},{"ty":7,"nm":"Position","mn":"Pseudo/Ouroboros-5220-0037","ix":37,"v":{"a":0,"k":100}},{"ty":7,"nm":"Length","mn":"Pseudo/Ouroboros-5220-0038","ix":38,"v":{"a":0,"k":0}},{"ty":6,"nm":"","mn":"Pseudo/Ouroboros-5220-0039","ix":39,"v":0},{"ty":6,"nm":"","mn":"Pseudo/Ouroboros-5220-0040","ix":40,"v":0},{"ty":6,"nm":"Settings","mn":"Pseudo/Ouroboros-5220-0041","ix":41,"v":0},{"ty":7,"nm":"Maintain Width","mn":"Pseudo/Ouroboros-5220-0042","ix":42,"v":{"a":0,"k":0}},{"ty":7,"nm":"Keyframe Speed","mn":"Pseudo/Ouroboros-5220-0043","ix":43,"v":{"a":0,"k":0}},{"ty":6,"nm":"","mn":"Pseudo/Ouroboros-5220-0044","ix":44,"v":0}]}],"shapes":[{"ty":"gr","it":[{"ty":"gr","it":[{"ind":0,"ty":"sh","ks":{"a":0,"k":{"i":[[0,0],[0,0]],"o":[[0,0],[0,0]],"v":[[0.432,-11.899],[-2.673,-6.754]],"c":false},"x":"var $bm_rt;\n$bm_rt = thisLayer.parent.content('Group 1').content('ADBE Vector Shape - Group').path;"},"nm":"Path 1","mn":"ADBE Vector Shape - Group"},{"ty":"st","c":{"a":0,"k":[1,0.4,0.2,1]},"o":{"a":0,"k":100},"w":{"a":0,"k":2.5,"x":"var $bm_rt;\nvar strokeWidth = effect('Ouroboros')('Stroke Width');\n$bm_rt = strokeWidth;"},"lc":1,"lj":2,"nm":"Stroke 1","mn":"ADBE Vector Graphic - Stroke"},{"ty":"tm","s":{"a":0,"k":0,"x":"var $bm_rt;\nvar trimStart = sub(effect('Ouroboros')('Start'), 100);\nvar start = 0;\nvar end = 100;\nvar numStrokes = thisProperty.propertyGroup(4).numProperties;\nvar strokeLength = div(length(start, end), numStrokes);\nvar trim = mul(strokeLength, div(trimStart, 100));\nstrokeLength = sum(50, div(strokeLength, 2));\n$bm_rt = sum(strokeLength, trim);","ix":1},"e":{"a":0,"k":25,"x":"var $bm_rt;\nvar trimEnd = effect('Ouroboros')('End');\nvar start = 0;\nvar end = 100;\nvar numStrokes = thisProperty.propertyGroup(4).numProperties;\nvar strokeLength = div(length(start, end), numStrokes);\nvar trim = mul(strokeLength, div(trimEnd, 100));\nstrokeLength = sub(50, div(strokeLength, 2));\n$bm_rt = sum(strokeLength, trim);","ix":2},"o":{"a":0,"k":270,"x":"var $bm_rt;\nvar start = 0;\nvar end = 100;\nvar strokeIndex = thisProperty.propertyGroup(3)._name.replace('Stroke Ouroboros ', '');\nvar numStrokes = thisProperty.propertyGroup(4).numProperties;\nvar strokeLength = div(length(start, end), numStrokes);\nvar strokePos = mul(strokeLength, strokeIndex);\nvar strokeOrder = sub(strokePos, div(strokeLength, 2));\nvar strokeOffset = sum(180, effect('Ouroboros')('Offset'));\nvar sped = effect('Ouroboros')('Speed');\nvar degree = mul(framesToTime(div(1, thisComp.frameDuration)), 3.6);\nsped *= degree;\n$bm_rt = sum(sum(strokeOffset, mul(strokeOrder, 3.6)), mul(time, sped));","ix":3},"m":1,"ix":3,"nm":"Trim Paths 1","mn":"ADBE Vector Filter - Trim"},{"ty":"tr","p":{"a":0,"k":[0,0],"ix":2},"a":{"a":0,"k":[0,0],"ix":1},"s":{"a":0,"k":[100,100],"ix":3},"r":{"a":0,"k":0,"ix":6},"o":{"a":0,"k":100,"ix":7},"sk":{"a":0,"k":0,"ix":4},"sa":{"a":0,"k":0,"ix":5},"nm":"Transform"}],"nm":"Stroke Ouroboros 4","np":3,"mn":"ADBE Vector Group"},{"ty":"gr","it":[{"ind":0,"ty":"sh","ks":{"a":0,"k":{"i":[[0,0],[0,0]],"o":[[0,0],[0,0]],"v":[[0.432,-11.899],[-2.673,-6.754]],"c":false},"x":"var $bm_rt;\n$bm_rt = thisLayer.parent.content('Group 1').content('ADBE Vector Shape - Group').path;"},"nm":"Path 1","mn":"ADBE Vector Shape - Group"},{"ty":"st","c":{"a":0,"k":[0,0.72,0.26,1]},"o":{"a":0,"k":100},"w":{"a":0,"k":2.5,"x":"var $bm_rt;\nvar strokeWidth = effect('Ouroboros')('Stroke Width');\n$bm_rt = strokeWidth;"},"lc":1,"lj":2,"nm":"Stroke 1","mn":"ADBE Vector Graphic - Stroke"},{"ty":"tm","s":{"a":0,"k":0,"x":"var $bm_rt;\nvar trimStart = sub(effect('Ouroboros')('Start'), 100);\nvar start = 0;\nvar end = 100;\nvar numStrokes = thisProperty.propertyGroup(4).numProperties;\nvar strokeLength = div(length(start, end), numStrokes);\nvar trim = mul(strokeLength, div(trimStart, 100));\nstrokeLength = sum(50, div(strokeLength, 2));\n$bm_rt = sum(strokeLength, trim);","ix":1},"e":{"a":0,"k":25,"x":"var $bm_rt;\nvar trimEnd = effect('Ouroboros')('End');\nvar start = 0;\nvar end = 100;\nvar numStrokes = thisProperty.propertyGroup(4).numProperties;\nvar strokeLength = div(length(start, end), numStrokes);\nvar trim = mul(strokeLength, div(trimEnd, 100));\nstrokeLength = sub(50, div(strokeLength, 2));\n$bm_rt = sum(strokeLength, trim);","ix":2},"o":{"a":0,"k":180,"x":"var $bm_rt;\nvar start = 0;\nvar end = 100;\nvar strokeIndex = thisProperty.propertyGroup(3)._name.replace('Stroke Ouroboros ', '');\nvar numStrokes = thisProperty.propertyGroup(4).numProperties;\nvar strokeLength = div(length(start, end), numStrokes);\nvar strokePos = mul(strokeLength, strokeIndex);\nvar strokeOrder = sub(strokePos, div(strokeLength, 2));\nvar strokeOffset = sum(180, effect('Ouroboros')('Offset'));\nvar sped = effect('Ouroboros')('Speed');\nvar degree = mul(framesToTime(div(1, thisComp.frameDuration)), 3.6);\nsped *= degree;\n$bm_rt = sum(sum(strokeOffset, mul(strokeOrder, 3.6)), mul(time, sped));","ix":3},"m":1,"ix":3,"nm":"Trim Paths 1","mn":"ADBE Vector Filter - Trim"},{"ty":"tr","p":{"a":0,"k":[0,0],"ix":2},"a":{"a":0,"k":[0,0],"ix":1},"s":{"a":0,"k":[100,100],"ix":3},"r":{"a":0,"k":0,"ix":6},"o":{"a":0,"k":100,"ix":7},"sk":{"a":0,"k":0,"ix":4},"sa":{"a":0,"k":0,"ix":5},"nm":"Transform"}],"nm":"Stroke Ouroboros 3","np":3,"mn":"ADBE Vector Group"},{"ty":"gr","it":[{"ind":0,"ty":"sh","ks":{"a":0,"k":{"i":[[0,0],[0,0]],"o":[[0,0],[0,0]],"v":[[0.432,-11.899],[-2.673,-6.754]],"c":false},"x":"var $bm_rt;\n$bm_rt = thisLayer.parent.content('Group 1').content('ADBE Vector Shape - Group').path;"},"nm":"Path 1","mn":"ADBE Vector Shape - Group"},{"ty":"st","c":{"a":0,"k":[1,0.8,0,1]},"o":{"a":0,"k":100},"w":{"a":0,"k":2.5,"x":"var $bm_rt;\nvar strokeWidth = effect('Ouroboros')('Stroke Width');\n$bm_rt = strokeWidth;"},"lc":1,"lj":2,"nm":"Stroke 1","mn":"ADBE Vector Graphic - Stroke"},{"ty":"tm","s":{"a":0,"k":0,"x":"var $bm_rt;\nvar trimStart = sub(effect('Ouroboros')('Start'), 100);\nvar start = 0;\nvar end = 100;\nvar numStrokes = thisProperty.propertyGroup(4).numProperties;\nvar strokeLength = div(length(start, end), numStrokes);\nvar trim = mul(strokeLength, div(trimStart, 100));\nstrokeLength = sum(50, div(strokeLength, 2));\n$bm_rt = sum(strokeLength, trim);","ix":1},"e":{"a":0,"k":25,"x":"var $bm_rt;\nvar trimEnd = effect('Ouroboros')('End');\nvar start = 0;\nvar end = 100;\nvar numStrokes = thisProperty.propertyGroup(4).numProperties;\nvar strokeLength = div(length(start, end), numStrokes);\nvar trim = mul(strokeLength, div(trimEnd, 100));\nstrokeLength = sub(50, div(strokeLength, 2));\n$bm_rt = sum(strokeLength, trim);","ix":2},"o":{"a":0,"k":90,"x":"var $bm_rt;\nvar start = 0;\nvar end = 100;\nvar strokeIndex = thisProperty.propertyGroup(3)._name.replace('Stroke Ouroboros ', '');\nvar numStrokes = thisProperty.propertyGroup(4).numProperties;\nvar strokeLength = div(length(start, end), numStrokes);\nvar strokePos = mul(strokeLength, strokeIndex);\nvar strokeOrder = sub(strokePos, div(strokeLength, 2));\nvar strokeOffset = sum(180, effect('Ouroboros')('Offset'));\nvar sped = effect('Ouroboros')('Speed');\nvar degree = mul(framesToTime(div(1, thisComp.frameDuration)), 3.6);\nsped *= degree;\n$bm_rt = sum(sum(strokeOffset, mul(strokeOrder, 3.6)), mul(time, sped));","ix":3},"m":1,"ix":3,"nm":"Trim Paths 1","mn":"ADBE Vector Filter - Trim"},{"ty":"tr","p":{"a":0,"k":[0,0],"ix":2},"a":{"a":0,"k":[0,0],"ix":1},"s":{"a":0,"k":[100,100],"ix":3},"r":{"a":0,"k":0,"ix":6},"o":{"a":0,"k":100,"ix":7},"sk":{"a":0,"k":0,"ix":4},"sa":{"a":0,"k":0,"ix":5},"nm":"Transform"}],"nm":"Stroke Ouroboros 2","np":3,"mn":"ADBE Vector Group"},{"ty":"gr","it":[{"ind":0,"ty":"sh","ks":{"a":0,"k":{"i":[[0,0],[0,0]],"o":[[0,0],[0,0]],"v":[[0.432,-11.899],[-2.673,-6.754]],"c":false},"x":"var $bm_rt;\n$bm_rt = thisLayer.parent.content('Group 1').content('ADBE Vector Shape - Group').path;"},"nm":"Path 1","mn":"ADBE Vector Shape - Group"},{"ty":"st","c":{"a":0,"k":[0,0.6,0.8,1]},"o":{"a":0,"k":100},"w":{"a":0,"k":2.5,"x":"var $bm_rt;\nvar strokeWidth = effect('Ouroboros')('Stroke Width');\n$bm_rt = strokeWidth;"},"lc":1,"lj":2,"nm":"Stroke 1","mn":"ADBE Vector Graphic - Stroke"},{"ty":"tm","s":{"a":0,"k":0,"x":"var $bm_rt;\nvar trimStart = sub(effect('Ouroboros')('Start'), 100);\nvar start = 0;\nvar end = 100;\nvar numStrokes = thisProperty.propertyGroup(4).numProperties;\nvar strokeLength = div(length(start, end), numStrokes);\nvar trim = mul(strokeLength, div(trimStart, 100));\nstrokeLength = sum(50, div(strokeLength, 2));\n$bm_rt = sum(strokeLength, trim);","ix":1},"e":{"a":0,"k":25,"x":"var $bm_rt;\nvar trimEnd = effect('Ouroboros')('End');\nvar start = 0;\nvar end = 100;\nvar numStrokes = thisProperty.propertyGroup(4).numProperties;\nvar strokeLength = div(length(start, end), numStrokes);\nvar trim = mul(strokeLength, div(trimEnd, 100));\nstrokeLength = sub(50, div(strokeLength, 2));\n$bm_rt = sum(strokeLength, trim);","ix":2},"o":{"a":0,"k":0,"x":"var $bm_rt;\nvar start = 0;\nvar end = 100;\nvar strokeIndex = thisProperty.propertyGroup(3)._name.replace('Stroke Ouroboros ', '');\nvar numStrokes = thisProperty.propertyGroup(4).numProperties;\nvar strokeLength = div(length(start, end), numStrokes);\nvar strokePos = mul(strokeLength, strokeIndex);\nvar strokeOrder = sub(strokePos, div(strokeLength, 2));\nvar strokeOffset = sum(180, effect('Ouroboros')('Offset'));\nvar sped = effect('Ouroboros')('Speed');\nvar degree = mul(framesToTime(div(1, thisComp.frameDuration)), 3.6);\nsped *= degree;\n$bm_rt = sum(sum(strokeOffset, mul(strokeOrder, 3.6)), mul(time, sped));","ix":3},"m":1,"ix":3,"nm":"Trim Paths 1","mn":"ADBE Vector Filter - Trim"},{"ty":"tr","p":{"a":0,"k":[0,0],"ix":2},"a":{"a":0,"k":[0,0],"ix":1},"s":{"a":0,"k":[100,100],"ix":3},"r":{"a":0,"k":0,"ix":6},"o":{"a":0,"k":100,"ix":7},"sk":{"a":0,"k":0,"ix":4},"sa":{"a":0,"k":0,"ix":5},"nm":"Transform"}],"nm":"Stroke Ouroboros 1","np":3,"mn":"ADBE Vector Group"},{"ty":"tr","p":{"a":0,"k":[0,0],"x":"var $bm_rt;\n$bm_rt = thisLayer.parent.content(1).transform.position;","ix":2},"a":{"a":0,"k":[0,0],"x":"var $bm_rt;\n$bm_rt = thisLayer.parent.content(1).transform.anchorPoint;","ix":1},"s":{"a":0,"k":[100,100],"x":"var $bm_rt;\n$bm_rt = thisLayer.parent.content(1).transform.scale;","ix":3},"r":{"a":0,"k":0,"x":"var $bm_rt;\n$bm_rt = thisLayer.parent.content(1).transform.rotation;","ix":6},"o":{"a":0,"k":100,"ix":7},"sk":{"a":0,"k":0,"x":"var $bm_rt;\n$bm_rt = thisLayer.parent.content(1).transform.skew;","ix":4},"sa":{"a":0,"k":0,"x":"var $bm_rt;\n$bm_rt = thisLayer.parent.content(1).transform.skewAxis;","ix":5},"nm":"Transform"}],"nm":"Group 1 - Ouroboros","np":4,"mn":"ADBE Vector Group"}],"ip":0,"op":152,"st":0,"bm":0,"sr":1},{"ddd":0,"ind":4,"ty":4,"nm":"arrow_head_right_ouro1","parent":5,"ks":{"o":{"a":0,"k":100},"r":{"a":0,"k":180},"p":{"a":0,"k":[0,0,0]},"a":{"a":0,"k":[0,0,0]},"s":{"a":0,"k":[100,100,100]}},"ao":0,"ef":[{"ty":5,"nm":"Ouroboros","mn":"Pseudo/Ouroboros-5220","ix":1,"en":1,"ef":[{"ty":0,"nm":"Stroke Width","mn":"Pseudo/Ouroboros-5220-0001","ix":1,"v":{"a":0,"k":2}},{"ty":7,"nm":"Width Random","mn":"Pseudo/Ouroboros-5220-0002","ix":2,"v":{"a":0,"k":0}},{"ty":7,"nm":"Opacity","mn":"Pseudo/Ouroboros-5220-0003","ix":3,"v":{"a":0,"k":100}},{"ty":7,"nm":"Opacity Random","mn":"Pseudo/Ouroboros-5220-0004","ix":4,"v":{"a":0,"k":0}},{"ty":7,"nm":"Random Seed","mn":"Pseudo/Ouroboros-5220-0005","ix":5,"v":{"a":0,"k":1337}},{"ty":6,"nm":"","mn":"Pseudo/Ouroboros-5220-0006","ix":6,"v":0},{"ty":6,"nm":"","mn":"Pseudo/Ouroboros-5220-0007","ix":7,"v":0},{"ty":6,"nm":"Trim","mn":"Pseudo/Ouroboros-5220-0008","ix":8,"v":0},{"ty":6,"nm":"","mn":"Pseudo/Ouroboros-5220-0009","ix":9,"v":0},{"ty":0,"nm":"Start","mn":"Pseudo/Ouroboros-5220-0010","ix":10,"v":{"a":0,"k":0}},{"ty":0,"nm":"End","mn":"Pseudo/Ouroboros-5220-0011","ix":11,"v":{"a":1,"k":[{"i":{"x":[0.833],"y":[0.833]},"o":{"x":[0.167],"y":[0.167]},"n":["0p833_0p833_0p167_0p167"],"t":0,"s":[0],"e":[100]},{"t":15}]}},{"ty":0,"nm":"Offset","mn":"Pseudo/Ouroboros-5220-0012","ix":12,"v":{"a":0,"k":0}},{"ty":7,"nm":"Length Random","mn":"Pseudo/Ouroboros-5220-0013","ix":13,"v":{"a":0,"k":0}},{"ty":7,"nm":"Offset Random","mn":"Pseudo/Ouroboros-5220-0014","ix":14,"v":{"a":0,"k":0}},{"ty":7,"nm":"Link Start","mn":"Pseudo/Ouroboros-5220-0015","ix":15,"v":{"a":0,"k":0}},{"ty":7,"nm":"Link End","mn":"Pseudo/Ouroboros-5220-0016","ix":16,"v":{"a":0,"k":0}},{"ty":6,"nm":"","mn":"Pseudo/Ouroboros-5220-0017","ix":17,"v":0},{"ty":6,"nm":"","mn":"Pseudo/Ouroboros-5220-0018","ix":18,"v":0},{"ty":6,"nm":"Move","mn":"Pseudo/Ouroboros-5220-0019","ix":19,"v":0},{"ty":6,"nm":"","mn":"Pseudo/Ouroboros-5220-0020","ix":20,"v":0},{"ty":7,"nm":"Delay","mn":"Pseudo/Ouroboros-5220-0021","ix":21,"v":{"a":0,"k":0}},{"ty":7,"nm":"Delay Random","mn":"Pseudo/Ouroboros-5220-0022","ix":22,"v":{"a":0,"k":0}},{"ty":0,"nm":"Speed","mn":"Pseudo/Ouroboros-5220-0023","ix":23,"v":{"a":0,"k":100}},{"ty":7,"nm":"Speed Random","mn":"Pseudo/Ouroboros-5220-0024","ix":24,"v":{"a":0,"k":0}},{"ty":6,"nm":"","mn":"Pseudo/Ouroboros-5220-0025","ix":25,"v":0},{"ty":6,"nm":"","mn":"Pseudo/Ouroboros-5220-0026","ix":26,"v":0},{"ty":6,"nm":"Dot Start","mn":"Pseudo/Ouroboros-5220-0027","ix":27,"v":0},{"ty":6,"nm":"","mn":"Pseudo/Ouroboros-5220-0028","ix":28,"v":0},{"ty":7,"nm":"Size","mn":"Pseudo/Ouroboros-5220-0029","ix":29,"v":{"a":0,"k":100}},{"ty":7,"nm":"Position","mn":"Pseudo/Ouroboros-5220-0030","ix":30,"v":{"a":0,"k":0}},{"ty":7,"nm":"Length","mn":"Pseudo/Ouroboros-5220-0031","ix":31,"v":{"a":0,"k":0}},{"ty":6,"nm":"","mn":"Pseudo/Ouroboros-5220-0032","ix":32,"v":0},{"ty":6,"nm":"","mn":"Pseudo/Ouroboros-5220-0033","ix":33,"v":0},{"ty":6,"nm":"Dot End","mn":"Pseudo/Ouroboros-5220-0034","ix":34,"v":0},{"ty":6,"nm":"","mn":"Pseudo/Ouroboros-5220-0035","ix":35,"v":0},{"ty":7,"nm":"Size","mn":"Pseudo/Ouroboros-5220-0036","ix":36,"v":{"a":0,"k":100}},{"ty":7,"nm":"Position","mn":"Pseudo/Ouroboros-5220-0037","ix":37,"v":{"a":0,"k":100}},{"ty":7,"nm":"Length","mn":"Pseudo/Ouroboros-5220-0038","ix":38,"v":{"a":0,"k":0}},{"ty":6,"nm":"","mn":"Pseudo/Ouroboros-5220-0039","ix":39,"v":0},{"ty":6,"nm":"","mn":"Pseudo/Ouroboros-5220-0040","ix":40,"v":0},{"ty":6,"nm":"Settings","mn":"Pseudo/Ouroboros-5220-0041","ix":41,"v":0},{"ty":7,"nm":"Maintain Width","mn":"Pseudo/Ouroboros-5220-0042","ix":42,"v":{"a":0,"k":0}},{"ty":7,"nm":"Keyframe Speed","mn":"Pseudo/Ouroboros-5220-0043","ix":43,"v":{"a":0,"k":0}},{"ty":6,"nm":"","mn":"Pseudo/Ouroboros-5220-0044","ix":44,"v":0}]}],"shapes":[{"ty":"gr","it":[{"ty":"gr","it":[{"ind":0,"ty":"sh","ks":{"a":0,"k":{"i":[[0,0],[0,0]],"o":[[0,0],[0,0]],"v":[[0.432,-11.899],[-2.673,-6.754]],"c":false},"x":"var $bm_rt;\n$bm_rt = thisLayer.parent.content('Group 1').content('ADBE Vector Shape - Group').path;"},"nm":"Path 1","mn":"ADBE Vector Shape - Group"},{"ty":"st","c":{"a":0,"k":[1,0.4,0.2,1]},"o":{"a":0,"k":100},"w":{"a":0,"k":2.5,"x":"var $bm_rt;\nvar strokeWidth = effect('Ouroboros')('Stroke Width');\n$bm_rt = strokeWidth;"},"lc":1,"lj":2,"nm":"Stroke 1","mn":"ADBE Vector Graphic - Stroke"},{"ty":"tm","s":{"a":0,"k":0,"x":"var $bm_rt;\nvar trimStart = sub(effect('Ouroboros')('Start'), 100);\nvar start = 0;\nvar end = 100;\nvar numStrokes = thisProperty.propertyGroup(4).numProperties;\nvar strokeLength = div(length(start, end), numStrokes);\nvar trim = mul(strokeLength, div(trimStart, 100));\nstrokeLength = sum(50, div(strokeLength, 2));\n$bm_rt = sum(strokeLength, trim);","ix":1},"e":{"a":0,"k":25,"x":"var $bm_rt;\nvar trimEnd = effect('Ouroboros')('End');\nvar start = 0;\nvar end = 100;\nvar numStrokes = thisProperty.propertyGroup(4).numProperties;\nvar strokeLength = div(length(start, end), numStrokes);\nvar trim = mul(strokeLength, div(trimEnd, 100));\nstrokeLength = sub(50, div(strokeLength, 2));\n$bm_rt = sum(strokeLength, trim);","ix":2},"o":{"a":0,"k":270,"x":"var $bm_rt;\nvar start = 0;\nvar end = 100;\nvar strokeIndex = thisProperty.propertyGroup(3)._name.replace('Stroke Ouroboros ', '');\nvar numStrokes = thisProperty.propertyGroup(4).numProperties;\nvar strokeLength = div(length(start, end), numStrokes);\nvar strokePos = mul(strokeLength, strokeIndex);\nvar strokeOrder = sub(strokePos, div(strokeLength, 2));\nvar strokeOffset = sum(180, effect('Ouroboros')('Offset'));\nvar sped = effect('Ouroboros')('Speed');\nvar degree = mul(framesToTime(div(1, thisComp.frameDuration)), 3.6);\nsped *= degree;\n$bm_rt = sum(sum(strokeOffset, mul(strokeOrder, 3.6)), mul(time, sped));","ix":3},"m":1,"ix":3,"nm":"Trim Paths 1","mn":"ADBE Vector Filter - Trim"},{"ty":"tr","p":{"a":0,"k":[0,0],"ix":2},"a":{"a":0,"k":[0,0],"ix":1},"s":{"a":0,"k":[100,100],"ix":3},"r":{"a":0,"k":0,"ix":6},"o":{"a":0,"k":100,"ix":7},"sk":{"a":0,"k":0,"ix":4},"sa":{"a":0,"k":0,"ix":5},"nm":"Transform"}],"nm":"Stroke Ouroboros 4","np":3,"mn":"ADBE Vector Group"},{"ty":"gr","it":[{"ind":0,"ty":"sh","ks":{"a":0,"k":{"i":[[0,0],[0,0]],"o":[[0,0],[0,0]],"v":[[0.432,-11.899],[-2.673,-6.754]],"c":false},"x":"var $bm_rt;\n$bm_rt = thisLayer.parent.content('Group 1').content('ADBE Vector Shape - Group').path;"},"nm":"Path 1","mn":"ADBE Vector Shape - Group"},{"ty":"st","c":{"a":0,"k":[0,0.72,0.26,1]},"o":{"a":0,"k":100},"w":{"a":0,"k":2.5,"x":"var $bm_rt;\nvar strokeWidth = effect('Ouroboros')('Stroke Width');\n$bm_rt = strokeWidth;"},"lc":1,"lj":2,"nm":"Stroke 1","mn":"ADBE Vector Graphic - Stroke"},{"ty":"tm","s":{"a":0,"k":0,"x":"var $bm_rt;\nvar trimStart = sub(effect('Ouroboros')('Start'), 100);\nvar start = 0;\nvar end = 100;\nvar numStrokes = thisProperty.propertyGroup(4).numProperties;\nvar strokeLength = div(length(start, end), numStrokes);\nvar trim = mul(strokeLength, div(trimStart, 100));\nstrokeLength = sum(50, div(strokeLength, 2));\n$bm_rt = sum(strokeLength, trim);","ix":1},"e":{"a":0,"k":25,"x":"var $bm_rt;\nvar trimEnd = effect('Ouroboros')('End');\nvar start = 0;\nvar end = 100;\nvar numStrokes = thisProperty.propertyGroup(4).numProperties;\nvar strokeLength = div(length(start, end), numStrokes);\nvar trim = mul(strokeLength, div(trimEnd, 100));\nstrokeLength = sub(50, div(strokeLength, 2));\n$bm_rt = sum(strokeLength, trim);","ix":2},"o":{"a":0,"k":180,"x":"var $bm_rt;\nvar start = 0;\nvar end = 100;\nvar strokeIndex = thisProperty.propertyGroup(3)._name.replace('Stroke Ouroboros ', '');\nvar numStrokes = thisProperty.propertyGroup(4).numProperties;\nvar strokeLength = div(length(start, end), numStrokes);\nvar strokePos = mul(strokeLength, strokeIndex);\nvar strokeOrder = sub(strokePos, div(strokeLength, 2));\nvar strokeOffset = sum(180, effect('Ouroboros')('Offset'));\nvar sped = effect('Ouroboros')('Speed');\nvar degree = mul(framesToTime(div(1, thisComp.frameDuration)), 3.6);\nsped *= degree;\n$bm_rt = sum(sum(strokeOffset, mul(strokeOrder, 3.6)), mul(time, sped));","ix":3},"m":1,"ix":3,"nm":"Trim Paths 1","mn":"ADBE Vector Filter - Trim"},{"ty":"tr","p":{"a":0,"k":[0,0],"ix":2},"a":{"a":0,"k":[0,0],"ix":1},"s":{"a":0,"k":[100,100],"ix":3},"r":{"a":0,"k":0,"ix":6},"o":{"a":0,"k":100,"ix":7},"sk":{"a":0,"k":0,"ix":4},"sa":{"a":0,"k":0,"ix":5},"nm":"Transform"}],"nm":"Stroke Ouroboros 3","np":3,"mn":"ADBE Vector Group"},{"ty":"gr","it":[{"ind":0,"ty":"sh","ks":{"a":0,"k":{"i":[[0,0],[0,0]],"o":[[0,0],[0,0]],"v":[[0.432,-11.899],[-2.673,-6.754]],"c":false},"x":"var $bm_rt;\n$bm_rt = thisLayer.parent.content('Group 1').content('ADBE Vector Shape - Group').path;"},"nm":"Path 1","mn":"ADBE Vector Shape - Group"},{"ty":"st","c":{"a":0,"k":[1,0.8,0,1]},"o":{"a":0,"k":100},"w":{"a":0,"k":2.5,"x":"var $bm_rt;\nvar strokeWidth = effect('Ouroboros')('Stroke Width');\n$bm_rt = strokeWidth;"},"lc":1,"lj":2,"nm":"Stroke 1","mn":"ADBE Vector Graphic - Stroke"},{"ty":"tm","s":{"a":0,"k":0,"x":"var $bm_rt;\nvar trimStart = sub(effect('Ouroboros')('Start'), 100);\nvar start = 0;\nvar end = 100;\nvar numStrokes = thisProperty.propertyGroup(4).numProperties;\nvar strokeLength = div(length(start, end), numStrokes);\nvar trim = mul(strokeLength, div(trimStart, 100));\nstrokeLength = sum(50, div(strokeLength, 2));\n$bm_rt = sum(strokeLength, trim);","ix":1},"e":{"a":0,"k":25,"x":"var $bm_rt;\nvar trimEnd = effect('Ouroboros')('End');\nvar start = 0;\nvar end = 100;\nvar numStrokes = thisProperty.propertyGroup(4).numProperties;\nvar strokeLength = div(length(start, end), numStrokes);\nvar trim = mul(strokeLength, div(trimEnd, 100));\nstrokeLength = sub(50, div(strokeLength, 2));\n$bm_rt = sum(strokeLength, trim);","ix":2},"o":{"a":0,"k":90,"x":"var $bm_rt;\nvar start = 0;\nvar end = 100;\nvar strokeIndex = thisProperty.propertyGroup(3)._name.replace('Stroke Ouroboros ', '');\nvar numStrokes = thisProperty.propertyGroup(4).numProperties;\nvar strokeLength = div(length(start, end), numStrokes);\nvar strokePos = mul(strokeLength, strokeIndex);\nvar strokeOrder = sub(strokePos, div(strokeLength, 2));\nvar strokeOffset = sum(180, effect('Ouroboros')('Offset'));\nvar sped = effect('Ouroboros')('Speed');\nvar degree = mul(framesToTime(div(1, thisComp.frameDuration)), 3.6);\nsped *= degree;\n$bm_rt = sum(sum(strokeOffset, mul(strokeOrder, 3.6)), mul(time, sped));","ix":3},"m":1,"ix":3,"nm":"Trim Paths 1","mn":"ADBE Vector Filter - Trim"},{"ty":"tr","p":{"a":0,"k":[0,0],"ix":2},"a":{"a":0,"k":[0,0],"ix":1},"s":{"a":0,"k":[100,100],"ix":3},"r":{"a":0,"k":0,"ix":6},"o":{"a":0,"k":100,"ix":7},"sk":{"a":0,"k":0,"ix":4},"sa":{"a":0,"k":0,"ix":5},"nm":"Transform"}],"nm":"Stroke Ouroboros 2","np":3,"mn":"ADBE Vector Group"},{"ty":"gr","it":[{"ind":0,"ty":"sh","ks":{"a":0,"k":{"i":[[0,0],[0,0]],"o":[[0,0],[0,0]],"v":[[0.432,-11.899],[-2.673,-6.754]],"c":false},"x":"var $bm_rt;\n$bm_rt = thisLayer.parent.content('Group 1').content('ADBE Vector Shape - Group').path;"},"nm":"Path 1","mn":"ADBE Vector Shape - Group"},{"ty":"st","c":{"a":0,"k":[0,0.6,0.8,1]},"o":{"a":0,"k":100},"w":{"a":0,"k":2.5,"x":"var $bm_rt;\nvar strokeWidth = effect('Ouroboros')('Stroke Width');\n$bm_rt = strokeWidth;"},"lc":1,"lj":2,"nm":"Stroke 1","mn":"ADBE Vector Graphic - Stroke"},{"ty":"tm","s":{"a":0,"k":0,"x":"var $bm_rt;\nvar trimStart = sub(effect('Ouroboros')('Start'), 100);\nvar start = 0;\nvar end = 100;\nvar numStrokes = thisProperty.propertyGroup(4).numProperties;\nvar strokeLength = div(length(start, end), numStrokes);\nvar trim = mul(strokeLength, div(trimStart, 100));\nstrokeLength = sum(50, div(strokeLength, 2));\n$bm_rt = sum(strokeLength, trim);","ix":1},"e":{"a":0,"k":25,"x":"var $bm_rt;\nvar trimEnd = effect('Ouroboros')('End');\nvar start = 0;\nvar end = 100;\nvar numStrokes = thisProperty.propertyGroup(4).numProperties;\nvar strokeLength = div(length(start, end), numStrokes);\nvar trim = mul(strokeLength, div(trimEnd, 100));\nstrokeLength = sub(50, div(strokeLength, 2));\n$bm_rt = sum(strokeLength, trim);","ix":2},"o":{"a":0,"k":0,"x":"var $bm_rt;\nvar start = 0;\nvar end = 100;\nvar strokeIndex = thisProperty.propertyGroup(3)._name.replace('Stroke Ouroboros ', '');\nvar numStrokes = thisProperty.propertyGroup(4).numProperties;\nvar strokeLength = div(length(start, end), numStrokes);\nvar strokePos = mul(strokeLength, strokeIndex);\nvar strokeOrder = sub(strokePos, div(strokeLength, 2));\nvar strokeOffset = sum(180, effect('Ouroboros')('Offset'));\nvar sped = effect('Ouroboros')('Speed');\nvar degree = mul(framesToTime(div(1, thisComp.frameDuration)), 3.6);\nsped *= degree;\n$bm_rt = sum(sum(strokeOffset, mul(strokeOrder, 3.6)), mul(time, sped));","ix":3},"m":1,"ix":3,"nm":"Trim Paths 1","mn":"ADBE Vector Filter - Trim"},{"ty":"tr","p":{"a":0,"k":[0,0],"ix":2},"a":{"a":0,"k":[0,0],"ix":1},"s":{"a":0,"k":[100,100],"ix":3},"r":{"a":0,"k":0,"ix":6},"o":{"a":0,"k":100,"ix":7},"sk":{"a":0,"k":0,"ix":4},"sa":{"a":0,"k":0,"ix":5},"nm":"Transform"}],"nm":"Stroke Ouroboros 1","np":3,"mn":"ADBE Vector Group"},{"ty":"tr","p":{"a":0,"k":[0,0],"x":"var $bm_rt;\n$bm_rt = thisLayer.parent.content(1).transform.position;","ix":2},"a":{"a":0,"k":[0,0],"x":"var $bm_rt;\n$bm_rt = thisLayer.parent.content(1).transform.anchorPoint;","ix":1},"s":{"a":0,"k":[100,100],"x":"var $bm_rt;\n$bm_rt = thisLayer.parent.content(1).transform.scale;","ix":3},"r":{"a":0,"k":0,"x":"var $bm_rt;\n$bm_rt = thisLayer.parent.content(1).transform.rotation;","ix":6},"o":{"a":0,"k":100,"ix":7},"sk":{"a":0,"k":0,"x":"var $bm_rt;\n$bm_rt = thisLayer.parent.content(1).transform.skew;","ix":4},"sa":{"a":0,"k":0,"x":"var $bm_rt;\n$bm_rt = thisLayer.parent.content(1).transform.skewAxis;","ix":5},"nm":"Transform"}],"nm":"Group 1 - Ouroboros","np":4,"mn":"ADBE Vector Group"}],"ip":0,"op":152,"st":0,"bm":0,"sr":1},{"ddd":0,"ind":5,"ty":4,"nm":"arrow_head_right","hd":true,"ks":{"o":{"a":0,"k":100},"r":{"a":1,"k":[{"i":{"x":[0.645],"y":[0.971]},"o":{"x":[0.049],"y":[0.949]},"n":["0p645_0p971_0p049_0p949"],"t":0,"s":[0],"e":[180]},{"t":29}]},"p":{"a":0,"k":[18,18,0]},"a":{"a":0,"k":[0,0,0]},"s":{"a":0,"k":[100,100,100]}},"ao":0,"shapes":[{"ty":"gr","it":[{"ind":0,"ty":"sh","ks":{"a":0,"k":{"i":[[0,0],[0,0]],"o":[[0,0],[0,0]],"v":[[0.432,-11.899],[-2.673,-6.754]],"c":false}},"nm":"Path 1","mn":"ADBE Vector Shape - Group"},{"ty":"st","c":{"a":0,"k":[0.7,0.7,0.7,1]},"o":{"a":0,"k":100},"w":{"a":0,"k":2},"lc":1,"lj":2,"nm":"Stroke 1","mn":"ADBE Vector Graphic - Stroke"},{"ty":"tr","p":{"a":0,"k":[0,0],"ix":2},"a":{"a":0,"k":[0,0],"ix":1},"s":{"a":0,"k":[100,100],"ix":3},"r":{"a":0,"k":0,"ix":6},"o":{"a":0,"k":100,"ix":7},"sk":{"a":0,"k":0,"ix":4},"sa":{"a":0,"k":0,"ix":5},"nm":"Transform"}],"nm":"Group 1","np":2,"mn":"ADBE Vector Group"}],"ip":0,"op":152,"st":0,"bm":0,"sr":1},{"ddd":0,"ind":6,"ty":4,"nm":"arrow_body_ouro2","parent":8,"ks":{"o":{"a":0,"k":100},"r":{"a":0,"k":180},"p":{"a":0,"k":[0,0,0]},"a":{"a":0,"k":[0,0,0]},"s":{"a":0,"k":[100,100,100]}},"ao":0,"ef":[{"ty":5,"nm":"Ouroboros","mn":"Pseudo/Ouroboros-5220","ix":1,"en":1,"ef":[{"ty":0,"nm":"Stroke Width","mn":"Pseudo/Ouroboros-5220-0001","ix":1,"v":{"a":0,"k":2}},{"ty":7,"nm":"Width Random","mn":"Pseudo/Ouroboros-5220-0002","ix":2,"v":{"a":0,"k":0}},{"ty":7,"nm":"Opacity","mn":"Pseudo/Ouroboros-5220-0003","ix":3,"v":{"a":0,"k":100}},{"ty":7,"nm":"Opacity Random","mn":"Pseudo/Ouroboros-5220-0004","ix":4,"v":{"a":0,"k":0}},{"ty":7,"nm":"Random Seed","mn":"Pseudo/Ouroboros-5220-0005","ix":5,"v":{"a":0,"k":1337}},{"ty":6,"nm":"","mn":"Pseudo/Ouroboros-5220-0006","ix":6,"v":0},{"ty":6,"nm":"","mn":"Pseudo/Ouroboros-5220-0007","ix":7,"v":0},{"ty":6,"nm":"Trim","mn":"Pseudo/Ouroboros-5220-0008","ix":8,"v":0},{"ty":6,"nm":"","mn":"Pseudo/Ouroboros-5220-0009","ix":9,"v":0},{"ty":0,"nm":"Start","mn":"Pseudo/Ouroboros-5220-0010","ix":10,"v":{"a":0,"k":0}},{"ty":0,"nm":"End","mn":"Pseudo/Ouroboros-5220-0011","ix":11,"v":{"a":1,"k":[{"i":{"x":[0.833],"y":[0.833]},"o":{"x":[0.167],"y":[0.167]},"n":["0p833_0p833_0p167_0p167"],"t":0,"s":[0],"e":[100]},{"t":15}]}},{"ty":0,"nm":"Offset","mn":"Pseudo/Ouroboros-5220-0012","ix":12,"v":{"a":0,"k":0}},{"ty":7,"nm":"Length Random","mn":"Pseudo/Ouroboros-5220-0013","ix":13,"v":{"a":0,"k":0}},{"ty":7,"nm":"Offset Random","mn":"Pseudo/Ouroboros-5220-0014","ix":14,"v":{"a":0,"k":0}},{"ty":7,"nm":"Link Start","mn":"Pseudo/Ouroboros-5220-0015","ix":15,"v":{"a":0,"k":0}},{"ty":7,"nm":"Link End","mn":"Pseudo/Ouroboros-5220-0016","ix":16,"v":{"a":0,"k":0}},{"ty":6,"nm":"","mn":"Pseudo/Ouroboros-5220-0017","ix":17,"v":0},{"ty":6,"nm":"","mn":"Pseudo/Ouroboros-5220-0018","ix":18,"v":0},{"ty":6,"nm":"Move","mn":"Pseudo/Ouroboros-5220-0019","ix":19,"v":0},{"ty":6,"nm":"","mn":"Pseudo/Ouroboros-5220-0020","ix":20,"v":0},{"ty":7,"nm":"Delay","mn":"Pseudo/Ouroboros-5220-0021","ix":21,"v":{"a":0,"k":0}},{"ty":7,"nm":"Delay Random","mn":"Pseudo/Ouroboros-5220-0022","ix":22,"v":{"a":0,"k":0}},{"ty":0,"nm":"Speed","mn":"Pseudo/Ouroboros-5220-0023","ix":23,"v":{"a":0,"k":100}},{"ty":7,"nm":"Speed Random","mn":"Pseudo/Ouroboros-5220-0024","ix":24,"v":{"a":0,"k":0}},{"ty":6,"nm":"","mn":"Pseudo/Ouroboros-5220-0025","ix":25,"v":0},{"ty":6,"nm":"","mn":"Pseudo/Ouroboros-5220-0026","ix":26,"v":0},{"ty":6,"nm":"Dot Start","mn":"Pseudo/Ouroboros-5220-0027","ix":27,"v":0},{"ty":6,"nm":"","mn":"Pseudo/Ouroboros-5220-0028","ix":28,"v":0},{"ty":7,"nm":"Size","mn":"Pseudo/Ouroboros-5220-0029","ix":29,"v":{"a":0,"k":100}},{"ty":7,"nm":"Position","mn":"Pseudo/Ouroboros-5220-0030","ix":30,"v":{"a":0,"k":0}},{"ty":7,"nm":"Length","mn":"Pseudo/Ouroboros-5220-0031","ix":31,"v":{"a":0,"k":0}},{"ty":6,"nm":"","mn":"Pseudo/Ouroboros-5220-0032","ix":32,"v":0},{"ty":6,"nm":"","mn":"Pseudo/Ouroboros-5220-0033","ix":33,"v":0},{"ty":6,"nm":"Dot End","mn":"Pseudo/Ouroboros-5220-0034","ix":34,"v":0},{"ty":6,"nm":"","mn":"Pseudo/Ouroboros-5220-0035","ix":35,"v":0},{"ty":7,"nm":"Size","mn":"Pseudo/Ouroboros-5220-0036","ix":36,"v":{"a":0,"k":100}},{"ty":7,"nm":"Position","mn":"Pseudo/Ouroboros-5220-0037","ix":37,"v":{"a":0,"k":100}},{"ty":7,"nm":"Length","mn":"Pseudo/Ouroboros-5220-0038","ix":38,"v":{"a":0,"k":0}},{"ty":6,"nm":"","mn":"Pseudo/Ouroboros-5220-0039","ix":39,"v":0},{"ty":6,"nm":"","mn":"Pseudo/Ouroboros-5220-0040","ix":40,"v":0},{"ty":6,"nm":"Settings","mn":"Pseudo/Ouroboros-5220-0041","ix":41,"v":0},{"ty":7,"nm":"Maintain Width","mn":"Pseudo/Ouroboros-5220-0042","ix":42,"v":{"a":0,"k":0}},{"ty":7,"nm":"Keyframe Speed","mn":"Pseudo/Ouroboros-5220-0043","ix":43,"v":{"a":0,"k":0}},{"ty":6,"nm":"","mn":"Pseudo/Ouroboros-5220-0044","ix":44,"v":0}]}],"shapes":[{"ty":"gr","it":[{"ty":"gr","it":[{"ind":0,"ty":"sh","ks":{"a":0,"k":{"i":[[0,0],[-4.693,4.629],[-3.077,0]],"o":[[-4.693,-4.629],[2.346,-2.313],[0,0]],"v":[[-8.495,8.342],[-8.495,-8.426],[0.001,-11.898]],"c":false},"x":"var $bm_rt;\n$bm_rt = thisLayer.parent.content('Group 1').content('ADBE Vector Shape - Group').path;"},"nm":"Path 1","mn":"ADBE Vector Shape - Group"},{"ty":"st","c":{"a":0,"k":[1,0.4,0.2,1]},"o":{"a":0,"k":100},"w":{"a":0,"k":2.5,"x":"var $bm_rt;\nvar strokeWidth = effect('Ouroboros')('Stroke Width');\n$bm_rt = strokeWidth;"},"lc":1,"lj":2,"nm":"Stroke 1","mn":"ADBE Vector Graphic - Stroke"},{"ty":"tm","s":{"a":0,"k":0,"x":"var $bm_rt;\nvar trimStart = sub(effect('Ouroboros')('Start'), 100);\nvar start = 0;\nvar end = 100;\nvar numStrokes = thisProperty.propertyGroup(4).numProperties;\nvar strokeLength = div(length(start, end), numStrokes);\nvar trim = mul(strokeLength, div(trimStart, 100));\nstrokeLength = sum(50, div(strokeLength, 2));\n$bm_rt = sum(strokeLength, trim);","ix":1},"e":{"a":0,"k":25,"x":"var $bm_rt;\nvar trimEnd = effect('Ouroboros')('End');\nvar start = 0;\nvar end = 100;\nvar numStrokes = thisProperty.propertyGroup(4).numProperties;\nvar strokeLength = div(length(start, end), numStrokes);\nvar trim = mul(strokeLength, div(trimEnd, 100));\nstrokeLength = sub(50, div(strokeLength, 2));\n$bm_rt = sum(strokeLength, trim);","ix":2},"o":{"a":0,"k":270,"x":"var $bm_rt;\nvar start = 0;\nvar end = 100;\nvar strokeIndex = thisProperty.propertyGroup(3)._name.replace('Stroke Ouroboros ', '');\nvar numStrokes = thisProperty.propertyGroup(4).numProperties;\nvar strokeLength = div(length(start, end), numStrokes);\nvar strokePos = mul(strokeLength, strokeIndex);\nvar strokeOrder = sub(strokePos, div(strokeLength, 2));\nvar strokeOffset = sum(180, effect('Ouroboros')('Offset'));\nvar sped = effect('Ouroboros')('Speed');\nvar degree = mul(framesToTime(div(1, thisComp.frameDuration)), 3.6);\nsped *= degree;\n$bm_rt = sum(sum(strokeOffset, mul(strokeOrder, 3.6)), mul(time, sped));","ix":3},"m":1,"ix":3,"nm":"Trim Paths 1","mn":"ADBE Vector Filter - Trim"},{"ty":"tr","p":{"a":0,"k":[0,0],"ix":2},"a":{"a":0,"k":[0,0],"ix":1},"s":{"a":0,"k":[100,100],"ix":3},"r":{"a":0,"k":0,"ix":6},"o":{"a":0,"k":100,"ix":7},"sk":{"a":0,"k":0,"ix":4},"sa":{"a":0,"k":0,"ix":5},"nm":"Transform"}],"nm":"Stroke Ouroboros 4","np":3,"mn":"ADBE Vector Group"},{"ty":"gr","it":[{"ind":0,"ty":"sh","ks":{"a":0,"k":{"i":[[0,0],[-4.693,4.629],[-3.077,0]],"o":[[-4.693,-4.629],[2.346,-2.313],[0,0]],"v":[[-8.495,8.342],[-8.495,-8.426],[0.001,-11.898]],"c":false},"x":"var $bm_rt;\n$bm_rt = thisLayer.parent.content('Group 1').content('ADBE Vector Shape - Group').path;"},"nm":"Path 1","mn":"ADBE Vector Shape - Group"},{"ty":"st","c":{"a":0,"k":[0,0.72,0.26,1]},"o":{"a":0,"k":100},"w":{"a":0,"k":2.5,"x":"var $bm_rt;\nvar strokeWidth = effect('Ouroboros')('Stroke Width');\n$bm_rt = strokeWidth;"},"lc":1,"lj":2,"nm":"Stroke 1","mn":"ADBE Vector Graphic - Stroke"},{"ty":"tm","s":{"a":0,"k":0,"x":"var $bm_rt;\nvar trimStart = sub(effect('Ouroboros')('Start'), 100);\nvar start = 0;\nvar end = 100;\nvar numStrokes = thisProperty.propertyGroup(4).numProperties;\nvar strokeLength = div(length(start, end), numStrokes);\nvar trim = mul(strokeLength, div(trimStart, 100));\nstrokeLength = sum(50, div(strokeLength, 2));\n$bm_rt = sum(strokeLength, trim);","ix":1},"e":{"a":0,"k":25,"x":"var $bm_rt;\nvar trimEnd = effect('Ouroboros')('End');\nvar start = 0;\nvar end = 100;\nvar numStrokes = thisProperty.propertyGroup(4).numProperties;\nvar strokeLength = div(length(start, end), numStrokes);\nvar trim = mul(strokeLength, div(trimEnd, 100));\nstrokeLength = sub(50, div(strokeLength, 2));\n$bm_rt = sum(strokeLength, trim);","ix":2},"o":{"a":0,"k":180,"x":"var $bm_rt;\nvar start = 0;\nvar end = 100;\nvar strokeIndex = thisProperty.propertyGroup(3)._name.replace('Stroke Ouroboros ', '');\nvar numStrokes = thisProperty.propertyGroup(4).numProperties;\nvar strokeLength = div(length(start, end), numStrokes);\nvar strokePos = mul(strokeLength, strokeIndex);\nvar strokeOrder = sub(strokePos, div(strokeLength, 2));\nvar strokeOffset = sum(180, effect('Ouroboros')('Offset'));\nvar sped = effect('Ouroboros')('Speed');\nvar degree = mul(framesToTime(div(1, thisComp.frameDuration)), 3.6);\nsped *= degree;\n$bm_rt = sum(sum(strokeOffset, mul(strokeOrder, 3.6)), mul(time, sped));","ix":3},"m":1,"ix":3,"nm":"Trim Paths 1","mn":"ADBE Vector Filter - Trim"},{"ty":"tr","p":{"a":0,"k":[0,0],"ix":2},"a":{"a":0,"k":[0,0],"ix":1},"s":{"a":0,"k":[100,100],"ix":3},"r":{"a":0,"k":0,"ix":6},"o":{"a":0,"k":100,"ix":7},"sk":{"a":0,"k":0,"ix":4},"sa":{"a":0,"k":0,"ix":5},"nm":"Transform"}],"nm":"Stroke Ouroboros 3","np":3,"mn":"ADBE Vector Group"},{"ty":"gr","it":[{"ind":0,"ty":"sh","ks":{"a":0,"k":{"i":[[0,0],[-4.693,4.629],[-3.077,0]],"o":[[-4.693,-4.629],[2.346,-2.313],[0,0]],"v":[[-8.495,8.342],[-8.495,-8.426],[0.001,-11.898]],"c":false},"x":"var $bm_rt;\n$bm_rt = thisLayer.parent.content('Group 1').content('ADBE Vector Shape - Group').path;"},"nm":"Path 1","mn":"ADBE Vector Shape - Group"},{"ty":"st","c":{"a":0,"k":[1,0.8,0,1]},"o":{"a":0,"k":100},"w":{"a":0,"k":2.5,"x":"var $bm_rt;\nvar strokeWidth = effect('Ouroboros')('Stroke Width');\n$bm_rt = strokeWidth;"},"lc":1,"lj":2,"nm":"Stroke 1","mn":"ADBE Vector Graphic - Stroke"},{"ty":"tm","s":{"a":0,"k":0,"x":"var $bm_rt;\nvar trimStart = sub(effect('Ouroboros')('Start'), 100);\nvar start = 0;\nvar end = 100;\nvar numStrokes = thisProperty.propertyGroup(4).numProperties;\nvar strokeLength = div(length(start, end), numStrokes);\nvar trim = mul(strokeLength, div(trimStart, 100));\nstrokeLength = sum(50, div(strokeLength, 2));\n$bm_rt = sum(strokeLength, trim);","ix":1},"e":{"a":0,"k":25,"x":"var $bm_rt;\nvar trimEnd = effect('Ouroboros')('End');\nvar start = 0;\nvar end = 100;\nvar numStrokes = thisProperty.propertyGroup(4).numProperties;\nvar strokeLength = div(length(start, end), numStrokes);\nvar trim = mul(strokeLength, div(trimEnd, 100));\nstrokeLength = sub(50, div(strokeLength, 2));\n$bm_rt = sum(strokeLength, trim);","ix":2},"o":{"a":0,"k":90,"x":"var $bm_rt;\nvar start = 0;\nvar end = 100;\nvar strokeIndex = thisProperty.propertyGroup(3)._name.replace('Stroke Ouroboros ', '');\nvar numStrokes = thisProperty.propertyGroup(4).numProperties;\nvar strokeLength = div(length(start, end), numStrokes);\nvar strokePos = mul(strokeLength, strokeIndex);\nvar strokeOrder = sub(strokePos, div(strokeLength, 2));\nvar strokeOffset = sum(180, effect('Ouroboros')('Offset'));\nvar sped = effect('Ouroboros')('Speed');\nvar degree = mul(framesToTime(div(1, thisComp.frameDuration)), 3.6);\nsped *= degree;\n$bm_rt = sum(sum(strokeOffset, mul(strokeOrder, 3.6)), mul(time, sped));","ix":3},"m":1,"ix":3,"nm":"Trim Paths 1","mn":"ADBE Vector Filter - Trim"},{"ty":"tr","p":{"a":0,"k":[0,0],"ix":2},"a":{"a":0,"k":[0,0],"ix":1},"s":{"a":0,"k":[100,100],"ix":3},"r":{"a":0,"k":0,"ix":6},"o":{"a":0,"k":100,"ix":7},"sk":{"a":0,"k":0,"ix":4},"sa":{"a":0,"k":0,"ix":5},"nm":"Transform"}],"nm":"Stroke Ouroboros 2","np":3,"mn":"ADBE Vector Group"},{"ty":"gr","it":[{"ind":0,"ty":"sh","ks":{"a":0,"k":{"i":[[0,0],[-4.693,4.629],[-3.077,0]],"o":[[-4.693,-4.629],[2.346,-2.313],[0,0]],"v":[[-8.495,8.342],[-8.495,-8.426],[0.001,-11.898]],"c":false},"x":"var $bm_rt;\n$bm_rt = thisLayer.parent.content('Group 1').content('ADBE Vector Shape - Group').path;"},"nm":"Path 1","mn":"ADBE Vector Shape - Group"},{"ty":"st","c":{"a":0,"k":[0,0.6,0.8,1]},"o":{"a":0,"k":100},"w":{"a":0,"k":2.5,"x":"var $bm_rt;\nvar strokeWidth = effect('Ouroboros')('Stroke Width');\n$bm_rt = strokeWidth;"},"lc":1,"lj":2,"nm":"Stroke 1","mn":"ADBE Vector Graphic - Stroke"},{"ty":"tm","s":{"a":0,"k":0,"x":"var $bm_rt;\nvar trimStart = sub(effect('Ouroboros')('Start'), 100);\nvar start = 0;\nvar end = 100;\nvar numStrokes = thisProperty.propertyGroup(4).numProperties;\nvar strokeLength = div(length(start, end), numStrokes);\nvar trim = mul(strokeLength, div(trimStart, 100));\nstrokeLength = sum(50, div(strokeLength, 2));\n$bm_rt = sum(strokeLength, trim);","ix":1},"e":{"a":0,"k":25,"x":"var $bm_rt;\nvar trimEnd = effect('Ouroboros')('End');\nvar start = 0;\nvar end = 100;\nvar numStrokes = thisProperty.propertyGroup(4).numProperties;\nvar strokeLength = div(length(start, end), numStrokes);\nvar trim = mul(strokeLength, div(trimEnd, 100));\nstrokeLength = sub(50, div(strokeLength, 2));\n$bm_rt = sum(strokeLength, trim);","ix":2},"o":{"a":0,"k":0,"x":"var $bm_rt;\nvar start = 0;\nvar end = 100;\nvar strokeIndex = thisProperty.propertyGroup(3)._name.replace('Stroke Ouroboros ', '');\nvar numStrokes = thisProperty.propertyGroup(4).numProperties;\nvar strokeLength = div(length(start, end), numStrokes);\nvar strokePos = mul(strokeLength, strokeIndex);\nvar strokeOrder = sub(strokePos, div(strokeLength, 2));\nvar strokeOffset = sum(180, effect('Ouroboros')('Offset'));\nvar sped = effect('Ouroboros')('Speed');\nvar degree = mul(framesToTime(div(1, thisComp.frameDuration)), 3.6);\nsped *= degree;\n$bm_rt = sum(sum(strokeOffset, mul(strokeOrder, 3.6)), mul(time, sped));","ix":3},"m":1,"ix":3,"nm":"Trim Paths 1","mn":"ADBE Vector Filter - Trim"},{"ty":"tr","p":{"a":0,"k":[0,0],"ix":2},"a":{"a":0,"k":[0,0],"ix":1},"s":{"a":0,"k":[100,100],"ix":3},"r":{"a":0,"k":0,"ix":6},"o":{"a":0,"k":100,"ix":7},"sk":{"a":0,"k":0,"ix":4},"sa":{"a":0,"k":0,"ix":5},"nm":"Transform"}],"nm":"Stroke Ouroboros 1","np":3,"mn":"ADBE Vector Group"},{"ty":"tr","p":{"a":0,"k":[0,0],"x":"var $bm_rt;\n$bm_rt = thisLayer.parent.content(1).transform.position;","ix":2},"a":{"a":0,"k":[0,0],"x":"var $bm_rt;\n$bm_rt = thisLayer.parent.content(1).transform.anchorPoint;","ix":1},"s":{"a":0,"k":[100,100],"x":"var $bm_rt;\n$bm_rt = thisLayer.parent.content(1).transform.scale;","ix":3},"r":{"a":0,"k":0,"x":"var $bm_rt;\n$bm_rt = thisLayer.parent.content(1).transform.rotation;","ix":6},"o":{"a":0,"k":100,"ix":7},"sk":{"a":0,"k":0,"x":"var $bm_rt;\n$bm_rt = thisLayer.parent.content(1).transform.skew;","ix":4},"sa":{"a":0,"k":0,"x":"var $bm_rt;\n$bm_rt = thisLayer.parent.content(1).transform.skewAxis;","ix":5},"nm":"Transform"}],"nm":"Group 1 - Ouroboros","np":4,"mn":"ADBE Vector Group"}],"ip":0,"op":152,"st":0,"bm":0,"sr":1},{"ddd":0,"ind":7,"ty":4,"nm":"arrow_body_ouro1","parent":8,"ks":{"o":{"a":0,"k":100},"r":{"a":0,"k":0},"p":{"a":0,"k":[0,0,0]},"a":{"a":0,"k":[0,0,0]},"s":{"a":0,"k":[100,100,100]}},"ao":0,"ef":[{"ty":5,"nm":"Ouroboros","mn":"Pseudo/Ouroboros-5220","ix":1,"en":1,"ef":[{"ty":0,"nm":"Stroke Width","mn":"Pseudo/Ouroboros-5220-0001","ix":1,"v":{"a":0,"k":2}},{"ty":7,"nm":"Width Random","mn":"Pseudo/Ouroboros-5220-0002","ix":2,"v":{"a":0,"k":0}},{"ty":7,"nm":"Opacity","mn":"Pseudo/Ouroboros-5220-0003","ix":3,"v":{"a":0,"k":100}},{"ty":7,"nm":"Opacity Random","mn":"Pseudo/Ouroboros-5220-0004","ix":4,"v":{"a":0,"k":0}},{"ty":7,"nm":"Random Seed","mn":"Pseudo/Ouroboros-5220-0005","ix":5,"v":{"a":0,"k":1337}},{"ty":6,"nm":"","mn":"Pseudo/Ouroboros-5220-0006","ix":6,"v":0},{"ty":6,"nm":"","mn":"Pseudo/Ouroboros-5220-0007","ix":7,"v":0},{"ty":6,"nm":"Trim","mn":"Pseudo/Ouroboros-5220-0008","ix":8,"v":0},{"ty":6,"nm":"","mn":"Pseudo/Ouroboros-5220-0009","ix":9,"v":0},{"ty":0,"nm":"Start","mn":"Pseudo/Ouroboros-5220-0010","ix":10,"v":{"a":0,"k":0}},{"ty":0,"nm":"End","mn":"Pseudo/Ouroboros-5220-0011","ix":11,"v":{"a":1,"k":[{"i":{"x":[0.833],"y":[0.833]},"o":{"x":[0.167],"y":[0.167]},"n":["0p833_0p833_0p167_0p167"],"t":0,"s":[0],"e":[100]},{"t":15}]}},{"ty":0,"nm":"Offset","mn":"Pseudo/Ouroboros-5220-0012","ix":12,"v":{"a":0,"k":0}},{"ty":7,"nm":"Length Random","mn":"Pseudo/Ouroboros-5220-0013","ix":13,"v":{"a":0,"k":0}},{"ty":7,"nm":"Offset Random","mn":"Pseudo/Ouroboros-5220-0014","ix":14,"v":{"a":0,"k":0}},{"ty":7,"nm":"Link Start","mn":"Pseudo/Ouroboros-5220-0015","ix":15,"v":{"a":0,"k":0}},{"ty":7,"nm":"Link End","mn":"Pseudo/Ouroboros-5220-0016","ix":16,"v":{"a":0,"k":0}},{"ty":6,"nm":"","mn":"Pseudo/Ouroboros-5220-0017","ix":17,"v":0},{"ty":6,"nm":"","mn":"Pseudo/Ouroboros-5220-0018","ix":18,"v":0},{"ty":6,"nm":"Move","mn":"Pseudo/Ouroboros-5220-0019","ix":19,"v":0},{"ty":6,"nm":"","mn":"Pseudo/Ouroboros-5220-0020","ix":20,"v":0},{"ty":7,"nm":"Delay","mn":"Pseudo/Ouroboros-5220-0021","ix":21,"v":{"a":0,"k":0}},{"ty":7,"nm":"Delay Random","mn":"Pseudo/Ouroboros-5220-0022","ix":22,"v":{"a":0,"k":0}},{"ty":0,"nm":"Speed","mn":"Pseudo/Ouroboros-5220-0023","ix":23,"v":{"a":0,"k":100}},{"ty":7,"nm":"Speed Random","mn":"Pseudo/Ouroboros-5220-0024","ix":24,"v":{"a":0,"k":0}},{"ty":6,"nm":"","mn":"Pseudo/Ouroboros-5220-0025","ix":25,"v":0},{"ty":6,"nm":"","mn":"Pseudo/Ouroboros-5220-0026","ix":26,"v":0},{"ty":6,"nm":"Dot Start","mn":"Pseudo/Ouroboros-5220-0027","ix":27,"v":0},{"ty":6,"nm":"","mn":"Pseudo/Ouroboros-5220-0028","ix":28,"v":0},{"ty":7,"nm":"Size","mn":"Pseudo/Ouroboros-5220-0029","ix":29,"v":{"a":0,"k":100}},{"ty":7,"nm":"Position","mn":"Pseudo/Ouroboros-5220-0030","ix":30,"v":{"a":0,"k":0}},{"ty":7,"nm":"Length","mn":"Pseudo/Ouroboros-5220-0031","ix":31,"v":{"a":0,"k":0}},{"ty":6,"nm":"","mn":"Pseudo/Ouroboros-5220-0032","ix":32,"v":0},{"ty":6,"nm":"","mn":"Pseudo/Ouroboros-5220-0033","ix":33,"v":0},{"ty":6,"nm":"Dot End","mn":"Pseudo/Ouroboros-5220-0034","ix":34,"v":0},{"ty":6,"nm":"","mn":"Pseudo/Ouroboros-5220-0035","ix":35,"v":0},{"ty":7,"nm":"Size","mn":"Pseudo/Ouroboros-5220-0036","ix":36,"v":{"a":0,"k":100}},{"ty":7,"nm":"Position","mn":"Pseudo/Ouroboros-5220-0037","ix":37,"v":{"a":0,"k":100}},{"ty":7,"nm":"Length","mn":"Pseudo/Ouroboros-5220-0038","ix":38,"v":{"a":0,"k":0}},{"ty":6,"nm":"","mn":"Pseudo/Ouroboros-5220-0039","ix":39,"v":0},{"ty":6,"nm":"","mn":"Pseudo/Ouroboros-5220-0040","ix":40,"v":0},{"ty":6,"nm":"Settings","mn":"Pseudo/Ouroboros-5220-0041","ix":41,"v":0},{"ty":7,"nm":"Maintain Width","mn":"Pseudo/Ouroboros-5220-0042","ix":42,"v":{"a":0,"k":0}},{"ty":7,"nm":"Keyframe Speed","mn":"Pseudo/Ouroboros-5220-0043","ix":43,"v":{"a":0,"k":0}},{"ty":6,"nm":"","mn":"Pseudo/Ouroboros-5220-0044","ix":44,"v":0}]}],"shapes":[{"ty":"gr","it":[{"ty":"gr","it":[{"ind":0,"ty":"sh","ks":{"a":0,"k":{"i":[[0,0],[-4.693,4.629],[-3.077,0]],"o":[[-4.693,-4.629],[2.346,-2.313],[0,0]],"v":[[-8.495,8.342],[-8.495,-8.426],[0.001,-11.898]],"c":false},"x":"var $bm_rt;\n$bm_rt = thisLayer.parent.content('Group 1').content('ADBE Vector Shape - Group').path;"},"nm":"Path 1","mn":"ADBE Vector Shape - Group"},{"ty":"st","c":{"a":0,"k":[1,0.4,0.2,1]},"o":{"a":0,"k":100},"w":{"a":0,"k":2.5,"x":"var $bm_rt;\nvar strokeWidth = effect('Ouroboros')('Stroke Width');\n$bm_rt = strokeWidth;"},"lc":1,"lj":2,"nm":"Stroke 1","mn":"ADBE Vector Graphic - Stroke"},{"ty":"tm","s":{"a":0,"k":0,"x":"var $bm_rt;\nvar trimStart = sub(effect('Ouroboros')('Start'), 100);\nvar start = 0;\nvar end = 100;\nvar numStrokes = thisProperty.propertyGroup(4).numProperties;\nvar strokeLength = div(length(start, end), numStrokes);\nvar trim = mul(strokeLength, div(trimStart, 100));\nstrokeLength = sum(50, div(strokeLength, 2));\n$bm_rt = sum(strokeLength, trim);","ix":1},"e":{"a":0,"k":25,"x":"var $bm_rt;\nvar trimEnd = effect('Ouroboros')('End');\nvar start = 0;\nvar end = 100;\nvar numStrokes = thisProperty.propertyGroup(4).numProperties;\nvar strokeLength = div(length(start, end), numStrokes);\nvar trim = mul(strokeLength, div(trimEnd, 100));\nstrokeLength = sub(50, div(strokeLength, 2));\n$bm_rt = sum(strokeLength, trim);","ix":2},"o":{"a":0,"k":270,"x":"var $bm_rt;\nvar start = 0;\nvar end = 100;\nvar strokeIndex = thisProperty.propertyGroup(3)._name.replace('Stroke Ouroboros ', '');\nvar numStrokes = thisProperty.propertyGroup(4).numProperties;\nvar strokeLength = div(length(start, end), numStrokes);\nvar strokePos = mul(strokeLength, strokeIndex);\nvar strokeOrder = sub(strokePos, div(strokeLength, 2));\nvar strokeOffset = sum(180, effect('Ouroboros')('Offset'));\nvar sped = effect('Ouroboros')('Speed');\nvar degree = mul(framesToTime(div(1, thisComp.frameDuration)), 3.6);\nsped *= degree;\n$bm_rt = sum(sum(strokeOffset, mul(strokeOrder, 3.6)), mul(time, sped));","ix":3},"m":1,"ix":3,"nm":"Trim Paths 1","mn":"ADBE Vector Filter - Trim"},{"ty":"tr","p":{"a":0,"k":[0,0],"ix":2},"a":{"a":0,"k":[0,0],"ix":1},"s":{"a":0,"k":[100,100],"ix":3},"r":{"a":0,"k":0,"ix":6},"o":{"a":0,"k":100,"ix":7},"sk":{"a":0,"k":0,"ix":4},"sa":{"a":0,"k":0,"ix":5},"nm":"Transform"}],"nm":"Stroke Ouroboros 4","np":3,"mn":"ADBE Vector Group"},{"ty":"gr","it":[{"ind":0,"ty":"sh","ks":{"a":0,"k":{"i":[[0,0],[-4.693,4.629],[-3.077,0]],"o":[[-4.693,-4.629],[2.346,-2.313],[0,0]],"v":[[-8.495,8.342],[-8.495,-8.426],[0.001,-11.898]],"c":false},"x":"var $bm_rt;\n$bm_rt = thisLayer.parent.content('Group 1').content('ADBE Vector Shape - Group').path;"},"nm":"Path 1","mn":"ADBE Vector Shape - Group"},{"ty":"st","c":{"a":0,"k":[0,0.72,0.26,1]},"o":{"a":0,"k":100},"w":{"a":0,"k":2.5,"x":"var $bm_rt;\nvar strokeWidth = effect('Ouroboros')('Stroke Width');\n$bm_rt = strokeWidth;"},"lc":1,"lj":2,"nm":"Stroke 1","mn":"ADBE Vector Graphic - Stroke"},{"ty":"tm","s":{"a":0,"k":0,"x":"var $bm_rt;\nvar trimStart = sub(effect('Ouroboros')('Start'), 100);\nvar start = 0;\nvar end = 100;\nvar numStrokes = thisProperty.propertyGroup(4).numProperties;\nvar strokeLength = div(length(start, end), numStrokes);\nvar trim = mul(strokeLength, div(trimStart, 100));\nstrokeLength = sum(50, div(strokeLength, 2));\n$bm_rt = sum(strokeLength, trim);","ix":1},"e":{"a":0,"k":25,"x":"var $bm_rt;\nvar trimEnd = effect('Ouroboros')('End');\nvar start = 0;\nvar end = 100;\nvar numStrokes = thisProperty.propertyGroup(4).numProperties;\nvar strokeLength = div(length(start, end), numStrokes);\nvar trim = mul(strokeLength, div(trimEnd, 100));\nstrokeLength = sub(50, div(strokeLength, 2));\n$bm_rt = sum(strokeLength, trim);","ix":2},"o":{"a":0,"k":180,"x":"var $bm_rt;\nvar start = 0;\nvar end = 100;\nvar strokeIndex = thisProperty.propertyGroup(3)._name.replace('Stroke Ouroboros ', '');\nvar numStrokes = thisProperty.propertyGroup(4).numProperties;\nvar strokeLength = div(length(start, end), numStrokes);\nvar strokePos = mul(strokeLength, strokeIndex);\nvar strokeOrder = sub(strokePos, div(strokeLength, 2));\nvar strokeOffset = sum(180, effect('Ouroboros')('Offset'));\nvar sped = effect('Ouroboros')('Speed');\nvar degree = mul(framesToTime(div(1, thisComp.frameDuration)), 3.6);\nsped *= degree;\n$bm_rt = sum(sum(strokeOffset, mul(strokeOrder, 3.6)), mul(time, sped));","ix":3},"m":1,"ix":3,"nm":"Trim Paths 1","mn":"ADBE Vector Filter - Trim"},{"ty":"tr","p":{"a":0,"k":[0,0],"ix":2},"a":{"a":0,"k":[0,0],"ix":1},"s":{"a":0,"k":[100,100],"ix":3},"r":{"a":0,"k":0,"ix":6},"o":{"a":0,"k":100,"ix":7},"sk":{"a":0,"k":0,"ix":4},"sa":{"a":0,"k":0,"ix":5},"nm":"Transform"}],"nm":"Stroke Ouroboros 3","np":3,"mn":"ADBE Vector Group"},{"ty":"gr","it":[{"ind":0,"ty":"sh","ks":{"a":0,"k":{"i":[[0,0],[-4.693,4.629],[-3.077,0]],"o":[[-4.693,-4.629],[2.346,-2.313],[0,0]],"v":[[-8.495,8.342],[-8.495,-8.426],[0.001,-11.898]],"c":false},"x":"var $bm_rt;\n$bm_rt = thisLayer.parent.content('Group 1').content('ADBE Vector Shape - Group').path;"},"nm":"Path 1","mn":"ADBE Vector Shape - Group"},{"ty":"st","c":{"a":0,"k":[1,0.8,0,1]},"o":{"a":0,"k":100},"w":{"a":0,"k":2.5,"x":"var $bm_rt;\nvar strokeWidth = effect('Ouroboros')('Stroke Width');\n$bm_rt = strokeWidth;"},"lc":1,"lj":2,"nm":"Stroke 1","mn":"ADBE Vector Graphic - Stroke"},{"ty":"tm","s":{"a":0,"k":0,"x":"var $bm_rt;\nvar trimStart = sub(effect('Ouroboros')('Start'), 100);\nvar start = 0;\nvar end = 100;\nvar numStrokes = thisProperty.propertyGroup(4).numProperties;\nvar strokeLength = div(length(start, end), numStrokes);\nvar trim = mul(strokeLength, div(trimStart, 100));\nstrokeLength = sum(50, div(strokeLength, 2));\n$bm_rt = sum(strokeLength, trim);","ix":1},"e":{"a":0,"k":25,"x":"var $bm_rt;\nvar trimEnd = effect('Ouroboros')('End');\nvar start = 0;\nvar end = 100;\nvar numStrokes = thisProperty.propertyGroup(4).numProperties;\nvar strokeLength = div(length(start, end), numStrokes);\nvar trim = mul(strokeLength, div(trimEnd, 100));\nstrokeLength = sub(50, div(strokeLength, 2));\n$bm_rt = sum(strokeLength, trim);","ix":2},"o":{"a":0,"k":90,"x":"var $bm_rt;\nvar start = 0;\nvar end = 100;\nvar strokeIndex = thisProperty.propertyGroup(3)._name.replace('Stroke Ouroboros ', '');\nvar numStrokes = thisProperty.propertyGroup(4).numProperties;\nvar strokeLength = div(length(start, end), numStrokes);\nvar strokePos = mul(strokeLength, strokeIndex);\nvar strokeOrder = sub(strokePos, div(strokeLength, 2));\nvar strokeOffset = sum(180, effect('Ouroboros')('Offset'));\nvar sped = effect('Ouroboros')('Speed');\nvar degree = mul(framesToTime(div(1, thisComp.frameDuration)), 3.6);\nsped *= degree;\n$bm_rt = sum(sum(strokeOffset, mul(strokeOrder, 3.6)), mul(time, sped));","ix":3},"m":1,"ix":3,"nm":"Trim Paths 1","mn":"ADBE Vector Filter - Trim"},{"ty":"tr","p":{"a":0,"k":[0,0],"ix":2},"a":{"a":0,"k":[0,0],"ix":1},"s":{"a":0,"k":[100,100],"ix":3},"r":{"a":0,"k":0,"ix":6},"o":{"a":0,"k":100,"ix":7},"sk":{"a":0,"k":0,"ix":4},"sa":{"a":0,"k":0,"ix":5},"nm":"Transform"}],"nm":"Stroke Ouroboros 2","np":3,"mn":"ADBE Vector Group"},{"ty":"gr","it":[{"ind":0,"ty":"sh","ks":{"a":0,"k":{"i":[[0,0],[-4.693,4.629],[-3.077,0]],"o":[[-4.693,-4.629],[2.346,-2.313],[0,0]],"v":[[-8.495,8.342],[-8.495,-8.426],[0.001,-11.898]],"c":false},"x":"var $bm_rt;\n$bm_rt = thisLayer.parent.content('Group 1').content('ADBE Vector Shape - Group').path;"},"nm":"Path 1","mn":"ADBE Vector Shape - Group"},{"ty":"st","c":{"a":0,"k":[0,0.6,0.8,1]},"o":{"a":0,"k":100},"w":{"a":0,"k":2.5,"x":"var $bm_rt;\nvar strokeWidth = effect('Ouroboros')('Stroke Width');\n$bm_rt = strokeWidth;"},"lc":1,"lj":2,"nm":"Stroke 1","mn":"ADBE Vector Graphic - Stroke"},{"ty":"tm","s":{"a":0,"k":0,"x":"var $bm_rt;\nvar trimStart = sub(effect('Ouroboros')('Start'), 100);\nvar start = 0;\nvar end = 100;\nvar numStrokes = thisProperty.propertyGroup(4).numProperties;\nvar strokeLength = div(length(start, end), numStrokes);\nvar trim = mul(strokeLength, div(trimStart, 100));\nstrokeLength = sum(50, div(strokeLength, 2));\n$bm_rt = sum(strokeLength, trim);","ix":1},"e":{"a":0,"k":25,"x":"var $bm_rt;\nvar trimEnd = effect('Ouroboros')('End');\nvar start = 0;\nvar end = 100;\nvar numStrokes = thisProperty.propertyGroup(4).numProperties;\nvar strokeLength = div(length(start, end), numStrokes);\nvar trim = mul(strokeLength, div(trimEnd, 100));\nstrokeLength = sub(50, div(strokeLength, 2));\n$bm_rt = sum(strokeLength, trim);","ix":2},"o":{"a":0,"k":0,"x":"var $bm_rt;\nvar start = 0;\nvar end = 100;\nvar strokeIndex = thisProperty.propertyGroup(3)._name.replace('Stroke Ouroboros ', '');\nvar numStrokes = thisProperty.propertyGroup(4).numProperties;\nvar strokeLength = div(length(start, end), numStrokes);\nvar strokePos = mul(strokeLength, strokeIndex);\nvar strokeOrder = sub(strokePos, div(strokeLength, 2));\nvar strokeOffset = sum(180, effect('Ouroboros')('Offset'));\nvar sped = effect('Ouroboros')('Speed');\nvar degree = mul(framesToTime(div(1, thisComp.frameDuration)), 3.6);\nsped *= degree;\n$bm_rt = sum(sum(strokeOffset, mul(strokeOrder, 3.6)), mul(time, sped));","ix":3},"m":1,"ix":3,"nm":"Trim Paths 1","mn":"ADBE Vector Filter - Trim"},{"ty":"tr","p":{"a":0,"k":[0,0],"ix":2},"a":{"a":0,"k":[0,0],"ix":1},"s":{"a":0,"k":[100,100],"ix":3},"r":{"a":0,"k":0,"ix":6},"o":{"a":0,"k":100,"ix":7},"sk":{"a":0,"k":0,"ix":4},"sa":{"a":0,"k":0,"ix":5},"nm":"Transform"}],"nm":"Stroke Ouroboros 1","np":3,"mn":"ADBE Vector Group"},{"ty":"tr","p":{"a":0,"k":[0,0],"x":"var $bm_rt;\n$bm_rt = thisLayer.parent.content(1).transform.position;","ix":2},"a":{"a":0,"k":[0,0],"x":"var $bm_rt;\n$bm_rt = thisLayer.parent.content(1).transform.anchorPoint;","ix":1},"s":{"a":0,"k":[100,100],"x":"var $bm_rt;\n$bm_rt = thisLayer.parent.content(1).transform.scale;","ix":3},"r":{"a":0,"k":0,"x":"var $bm_rt;\n$bm_rt = thisLayer.parent.content(1).transform.rotation;","ix":6},"o":{"a":0,"k":100,"ix":7},"sk":{"a":0,"k":0,"x":"var $bm_rt;\n$bm_rt = thisLayer.parent.content(1).transform.skew;","ix":4},"sa":{"a":0,"k":0,"x":"var $bm_rt;\n$bm_rt = thisLayer.parent.content(1).transform.skewAxis;","ix":5},"nm":"Transform"}],"nm":"Group 1 - Ouroboros","np":4,"mn":"ADBE Vector Group"}],"ip":0,"op":152,"st":0,"bm":0,"sr":1},{"ddd":0,"ind":8,"ty":4,"nm":"arrow_body","hd":true,"ks":{"o":{"a":0,"k":100},"r":{"a":0,"k":0,"x":"var $bm_rt;\n$bm_rt = thisComp.layer('refresh Outlines').transform.rotation;"},"p":{"a":0,"k":[18,18,0]},"a":{"a":0,"k":[0,0,0]},"s":{"a":0,"k":[100,100,100]}},"ao":0,"shapes":[{"ty":"gr","it":[{"ind":0,"ty":"sh","ks":{"a":0,"k":{"i":[[0,0],[-4.693,4.629],[-3.077,0]],"o":[[-4.693,-4.629],[2.346,-2.313],[0,0]],"v":[[-8.495,8.342],[-8.495,-8.426],[0.001,-11.898]],"c":false}},"nm":"Path 4","mn":"ADBE Vector Shape - Group"},{"ty":"st","c":{"a":0,"k":[0.7,0.7,0.7,1]},"o":{"a":0,"k":100},"w":{"a":0,"k":2.5},"lc":1,"lj":2,"nm":"Stroke 1","mn":"ADBE Vector Graphic - Stroke"},{"ty":"tr","p":{"a":0,"k":[0,0],"ix":2},"a":{"a":0,"k":[0,0],"ix":1},"s":{"a":0,"k":[100,100],"ix":3},"r":{"a":0,"k":0,"ix":6},"o":{"a":0,"k":100,"ix":7},"sk":{"a":0,"k":0,"ix":4},"sa":{"a":0,"k":0,"ix":5},"nm":"Transform"}],"nm":"Group 1","np":2,"mn":"ADBE Vector Group"}],"ip":0,"op":152,"st":0,"bm":0,"sr":1},{"ddd":0,"ind":9,"ty":4,"nm":"refresh Outlines","ks":{"o":{"a":0,"k":100},"r":{"a":1,"k":[{"i":{"x":[0.645],"y":[0.971]},"o":{"x":[0.049],"y":[0.949]},"n":["0p645_0p971_0p049_0p949"],"t":0,"s":[0],"e":[180]},{"t":29}]},"p":{"a":0,"k":[18,18,0]},"a":{"a":0,"k":[0,0,0]},"s":{"a":0,"k":[100,100,100]}},"ao":0,"shapes":[{"ty":"gr","it":[{"ind":0,"ty":"sh","ks":{"a":0,"k":{"i":[[0,0],[0,0],[0,0]],"o":[[0,0],[0,0],[0,0]],"v":[[-4.781,-14.96],[0.432,-11.899],[-2.673,-6.754]],"c":false}},"nm":"Path 1","mn":"ADBE Vector Shape - Group"},{"ind":1,"ty":"sh","ks":{"a":0,"k":{"i":[[0,0],[0,0],[0,0]],"o":[[0,0],[0,0],[0,0]],"v":[[4.734,14.96],[-0.428,11.81],[2.764,6.716]],"c":false}},"nm":"Path 2","mn":"ADBE Vector Shape - Group"},{"ind":2,"ty":"sh","ks":{"a":0,"k":{"i":[[0,0],[4.693,-4.629],[3.074,0]],"o":[[4.693,4.629],[-2.345,2.314],[0,0]],"v":[[8.495,-8.426],[8.495,8.342],[0.001,11.814]],"c":false}},"nm":"Path 3","mn":"ADBE Vector Shape - Group"},{"ind":3,"ty":"sh","ks":{"a":0,"k":{"i":[[0,0],[-4.693,4.629],[-3.077,0]],"o":[[-4.693,-4.629],[2.346,-2.313],[0,0]],"v":[[-8.495,8.342],[-8.495,-8.426],[0.001,-11.898]],"c":false}},"nm":"Path 4","mn":"ADBE Vector Shape - Group"},{"ty":"st","c":{"a":0,"k":[0.7,0.7,0.7,1]},"o":{"a":0,"k":100},"w":{"a":0,"k":2},"lc":1,"lj":2,"nm":"Stroke 1","mn":"ADBE Vector Graphic - Stroke"},{"ty":"tr","p":{"a":0,"k":[0,0],"ix":2},"a":{"a":0,"k":[0,0],"ix":1},"s":{"a":0,"k":[100,100],"ix":3},"r":{"a":0,"k":0,"ix":6},"o":{"a":0,"k":100,"ix":7},"sk":{"a":0,"k":0,"ix":4},"sa":{"a":0,"k":0,"ix":5},"nm":"Transform"}],"nm":"Group 1","np":5,"mn":"ADBE Vector Group"}],"ip":0,"op":152,"st":0,"bm":0,"sr":1}]}