{"v":"4.5.5","fr":30,"ip":0,"op":121,"w":23,"h":16,"ddd":0,"assets":[],"layers":[{"ddd":0,"ind":0,"ty":4,"nm":"snapshot Outlines 5","ks":{"o":{"a":0,"k":100},"r":{"a":0,"k":0},"p":{"a":0,"k":[11.5,8,0]},"a":{"a":0,"k":[11.5,8,0]},"s":{"a":0,"k":[100,100,100]}},"ao":0,"shapes":[{"ty":"gr","it":[{"ind":0,"ty":"sh","ks":{"a":0,"k":{"i":[[1.634,0],[0,0],[0,-1.634],[0,0],[-1.634,0],[0,0],[0,1.633],[0,0]],"o":[[0,0],[-1.634,0],[0,0],[0,1.633],[0,0],[1.634,0],[0,0],[0,-1.634]],"v":[[8.11,-7.876],[-8.11,-7.876],[-11.073,-4.913],[-11.073,4.913],[-8.11,7.876],[8.11,7.876],[11.073,4.913],[11.073,-4.913]],"c":true}},"nm":"Path 1","mn":"ADBE Vector Shape - Group"},{"ind":1,"ty":"sh","ks":{"a":0,"k":{"i":[[0,0],[0,-1.04],[0,0],[1.039,0],[0,0],[0,1.04],[0,0],[-1.039,0]],"o":[[1.039,0],[0,0],[0,1.04],[0,0],[-1.039,0],[0,0],[0,-1.04],[0,0]],"v":[[8.11,-6.803],[10.001,-4.913],[10.001,4.913],[8.11,6.803],[-8.11,6.803],[-10,4.913],[-10,-4.913],[-8.11,-6.803]],"c":true}},"nm":"Path 2","mn":"ADBE Vector Shape - Group"},{"ty":"fl","c":{"a":0,"k":[0.75,0.75,0.75,1]},"o":{"a":0,"k":100},"nm":"Fill 1","mn":"ADBE Vector Graphic - Fill"},{"ty":"tr","p":{"a":0,"k":[11.073,7.876],"ix":2},"a":{"a":0,"k":[0,0],"ix":1},"s":{"a":0,"k":[100,100],"ix":3},"r":{"a":0,"k":0,"ix":6},"o":{"a":0,"k":100,"ix":7},"sk":{"a":0,"k":0,"ix":4},"sa":{"a":0,"k":0,"ix":5},"nm":"Transform"}],"nm":"Group 4","np":3,"mn":"ADBE Vector Group"}],"ip":0,"op":152,"st":0,"bm":0,"sr":1},{"ddd":0,"ind":1,"ty":4,"nm":"snapshot Outlines 7","ks":{"o":{"a":0,"k":100},"r":{"a":0,"k":0},"p":{"a":0,"k":[11.5,8,0]},"a":{"a":0,"k":[11.5,8,0]},"s":{"a":0,"k":[100,100,100]}},"ao":0,"shapes":[{"ty":"gr","it":[{"ind":0,"ty":"sh","ks":{"a":0,"k":{"i":[[0,0],[0,-1.04],[0,0],[1.039,0],[0,0],[0,1.04],[0,0],[-1.039,0]],"o":[[1.039,0],[0,0],[0,1.04],[0,0],[-1.039,0],[0,0],[0,-1.04],[0,0]],"v":[[8.11,-6.803],[10.001,-4.913],[10.001,4.913],[8.11,6.803],[-8.11,6.803],[-10,4.913],[-10,-4.913],[-8.11,-6.803]],"c":true}},"nm":"Path 2","mn":"ADBE Vector Shape - Group"},{"ty":"fl","c":{"a":0,"k":[1,1,1,1]},"o":{"a":1,"k":[{"i":{"x":[0.833],"y":[0.833]},"o":{"x":[0.167],"y":[0.167]},"n":["0p833_0p833_0p167_0p167"],"t":26,"s":[85],"e":[0]},{"t":50,"s":[0],"h":1},{"i":{"x":[0.814],"y":[1]},"o":{"x":[0.804],"y":[0]},"n":["0p814_1_0p804_0"],"t":77,"s":[95],"e":[0]},{"t":119}]},"nm":"Fill 1","mn":"ADBE Vector Graphic - Fill"},{"ty":"tr","p":{"a":0,"k":[11.073,7.876],"ix":2},"a":{"a":0,"k":[0,0],"ix":1},"s":{"a":0,"k":[100,100],"ix":3},"r":{"a":0,"k":0,"ix":6},"o":{"a":0,"k":100,"ix":7},"sk":{"a":0,"k":0,"ix":4},"sa":{"a":0,"k":0,"ix":5},"nm":"Transform"}],"nm":"Group 4","np":2,"mn":"ADBE Vector Group"}],"ip":26,"op":152,"st":0,"bm":0,"sr":1},{"ddd":0,"ind":2,"ty":4,"nm":"snapshot Outlines 4","ks":{"o":{"a":0,"k":100},"r":{"a":0,"k":0},"p":{"a":1,"k":[{"i":{"x":0.234,"y":1},"o":{"x":0.12,"y":0.003},"n":"0p234_1_0p12_0p003","t":1,"s":[9.5,8,0],"e":[4.5,4,0],"to":[-1.88541662693024,-0.15625,0],"ti":[1.85416662693024,0.3125,0]},{"i":{"x":0.234,"y":1},"o":{"x":0.167,"y":0},"n":"0p234_1_0p167_0","t":13,"s":[4.5,4,0],"e":[4.5,4,0],"to":[-0.82174402475357,-0.13849619030952,0],"ti":[0,0,0]},{"i":{"x":0.234,"y":1},"o":{"x":0.167,"y":0},"n":"0p234_1_0p167_0","t":24,"s":[4.5,4,0],"e":[5,4.5,0],"to":[0,0,0],"ti":[0,0,0]},{"i":{"x":0.234,"y":1},"o":{"x":0.706,"y":0},"n":"0p234_1_0p706_0","t":26,"s":[5,4.5,0],"e":[5.5,5,0],"to":[0,0,0],"ti":[0,0,0]},{"t":50,"s":[5.5,5,0],"h":1},{"i":{"x":0.234,"y":1},"o":{"x":0.167,"y":0},"n":"0p234_1_0p167_0","t":56,"s":[5.5,5,0],"e":[19.5,8,0],"to":[1.734375,-0.8984375,0],"ti":[-0.78125,-3.4375,0]},{"t":75,"s":[19.5,8,0],"h":1},{"t":77,"s":[9.5,8,0],"h":1}]},"a":{"a":0,"k":[11.5,8,0]},"s":{"a":0,"k":[100,100,100]}},"ao":0,"shapes":[{"ty":"gr","it":[{"ind":0,"ty":"sh","ks":{"a":0,"k":{"i":[[1.704,0],[0,-1.705],[-1.705,0],[0,1.704]],"o":[[-1.705,0],[0,1.704],[1.704,0],[0,-1.705]],"v":[[0,-3.092],[-3.092,0.001],[0,3.092],[3.092,0.001]],"c":true}},"nm":"Path 1","mn":"ADBE Vector Shape - Group"},{"ty":"fl","c":{"a":0,"k":[0,0.72,0.2,1]},"o":{"a":0,"k":100},"nm":"Fill 1","mn":"ADBE Vector Graphic - Fill"},{"ty":"tr","p":{"a":0,"k":[11.073,7.876],"ix":2},"a":{"a":0,"k":[0,0],"ix":1},"s":{"a":1,"k":[{"i":{"x":[0.667,0.667],"y":[1,1]},"o":{"x":[0.333,0.333],"y":[0,0]},"n":["0p667_1_0p333_0","0p667_1_0p333_0"],"t":1,"s":[100,100],"e":[55,55]},{"i":{"x":[0.833,0.833],"y":[1,1]},"o":{"x":[0.167,0.167],"y":[0,0]},"n":["0p833_1_0p167_0","0p833_1_0p167_0"],"t":24,"s":[55,55],"e":[140,140]},{"i":{"x":[0.833,0.833],"y":[1,1]},"o":{"x":[0.167,0.167],"y":[0,0]},"n":["0p833_1_0p167_0","0p833_1_0p167_0"],"t":26,"s":[140,140],"e":[75,75]},{"t":50,"s":[75,75],"h":1},{"i":{"x":[0.567,0.567],"y":[1.024,1.024]},"o":{"x":[0.86,0.86],"y":[-0.012,-0.012]},"n":["0p567_1p024_0p86_-0p012","0p567_1p024_0p86_-0p012"],"t":56,"s":[75,75],"e":[50,50]},{"t":75,"s":[50,50],"h":1},{"i":{"x":[0.833,0.833],"y":[1,1]},"o":{"x":[0.333,0.333],"y":[0,0]},"n":["0p833_1_0p333_0","0p833_1_0p333_0"],"t":77,"s":[142,142],"e":[100,100]},{"t":119}],"ix":3},"r":{"a":0,"k":0,"ix":6},"o":{"a":0,"k":100,"ix":7},"sk":{"a":0,"k":0,"ix":4},"sa":{"a":0,"k":0,"ix":5},"nm":"Transform"}],"nm":"Group 1","np":2,"mn":"ADBE Vector Group"}],"ip":0,"op":152,"st":0,"bm":0,"sr":1},{"ddd":0,"ind":3,"ty":4,"nm":"snapshot Outlines 3","ks":{"o":{"a":0,"k":100},"r":{"a":0,"k":0},"p":{"a":1,"k":[{"i":{"x":0.234,"y":1},"o":{"x":0.12,"y":0.003},"n":"0p234_1_0p12_0p003","t":0,"s":[9.5,8,0],"e":[5.5,5,0],"to":[-1.88541662693024,-0.15625,0],"ti":[1.85416662693024,0.3125,0]},{"t":9,"s":[5.5,5,0],"h":1},{"i":{"x":0,"y":1},"o":{"x":0.167,"y":0},"n":"0_1_0p167_0","t":55,"s":[5.5,5,0],"e":[17.5,8,0],"to":[2.890625,-1.015625,0],"ti":[-1.6484375,-3.3984375,0]},{"t":74,"s":[17.5,8,0],"h":1},{"t":77,"s":[9.5,8,0],"h":1}]},"a":{"a":0,"k":[11.5,8,0]},"s":{"a":0,"k":[100,100,100]}},"ao":0,"shapes":[{"ty":"gr","it":[{"ind":0,"ty":"sh","ks":{"a":0,"k":{"i":[[2.55,0],[0,2.551],[-2.55,0],[0,-2.55]],"o":[[-2.55,0],[0,-2.55],[2.55,0],[0,2.551]],"v":[[0.001,4.624],[-4.624,-0.001],[0.001,-4.624],[4.624,-0.001]],"c":true}},"nm":"Path 1","mn":"ADBE Vector Shape - Group"},{"ty":"fl","c":{"a":0,"k":[1,0.88,0,1]},"o":{"a":0,"k":100},"nm":"Fill 1","mn":"ADBE Vector Graphic - Fill"},{"ty":"tr","p":{"a":0,"k":[11.073,7.876],"ix":2},"a":{"a":0,"k":[0,0],"ix":1},"s":{"a":0,"k":[100,100],"ix":3},"r":{"a":0,"k":0,"ix":6},"o":{"a":0,"k":100,"ix":7},"sk":{"a":0,"k":0,"ix":4},"sa":{"a":0,"k":0,"ix":5},"nm":"Transform"}],"nm":"Group 3","np":2,"mn":"ADBE Vector Group"}],"ip":0,"op":152,"st":0,"bm":0,"sr":1},{"ddd":0,"ind":4,"ty":4,"nm":"snapshot Outlines 2","ks":{"o":{"a":0,"k":100},"r":{"a":0,"k":0},"p":{"a":1,"k":[{"i":{"x":0.182,"y":1},"o":{"x":0.679,"y":0},"n":"0p182_1_0p679_0","t":0,"s":[11.5,8,0],"e":[3.5,15,0],"to":[2.85416674613953,-1.89583337306976,0],"ti":[9.45833301544189,6.39583349227905,0]},{"t":26,"s":[3.5,15,0],"h":1},{"i":{"x":0.182,"y":1},"o":{"x":0.167,"y":0},"n":"0p182_1_0p167_0","t":55,"s":[3.5,15,0],"e":[3.5,11,0],"to":[-3.03125,-0.84375,0],"ti":[-3.34375,0.875,0]},{"t":74,"s":[3.5,11,0],"h":1},{"t":77,"s":[11.5,8,0],"h":1}]},"a":{"a":0,"k":[11.5,8,0]},"s":{"a":0,"k":[100,100,100]}},"ao":0,"shapes":[{"ty":"gr","it":[{"ind":0,"ty":"sh","ks":{"a":0,"k":{"i":[[0.648,0],[0,0.648],[-0.647,0],[0,-0.648]],"o":[[-0.647,0],[0,-0.648],[0.648,0],[0,0.648]],"v":[[-0.001,1.178],[-1.178,0.001],[-0.001,-1.178],[1.178,0.001]],"c":true}},"nm":"Path 1","mn":"ADBE Vector Shape - Group"},{"ty":"fl","c":{"a":0,"k":[1,0.88,0,1]},"o":{"a":0,"k":100},"nm":"Fill 1","mn":"ADBE Vector Graphic - Fill"},{"ty":"tr","p":{"a":0,"k":[17.713,4.279],"ix":2},"a":{"a":0,"k":[0,0],"ix":1},"s":{"a":0,"k":[100,100],"ix":3},"r":{"a":0,"k":0,"ix":6},"o":{"a":0,"k":100,"ix":7},"sk":{"a":0,"k":0,"ix":4},"sa":{"a":0,"k":0,"ix":5},"nm":"Transform"}],"nm":"Group 2","np":2,"mn":"ADBE Vector Group"}],"ip":0,"op":152,"st":0,"bm":0,"sr":1},{"ddd":0,"ind":5,"ty":4,"nm":"snapshot Outlines","ks":{"o":{"a":0,"k":100},"r":{"a":0,"k":0},"p":{"a":0,"k":[11.5,8,0]},"a":{"a":0,"k":[11.5,8,0]},"s":{"a":0,"k":[100,100,100]}},"ao":0,"shapes":[{"ty":"gr","it":[{"ind":0,"ty":"sh","ks":{"a":0,"k":{"i":[[0,0],[0,1.338],[0,0],[-1.338,0],[0,0],[0,-1.338],[0,0],[1.338,0]],"o":[[-1.338,0],[0,0],[0,-1.338],[0,0],[1.338,0],[0,0],[0,1.338],[0,0]],"v":[[-8.11,7.339],[-10.536,4.913],[-10.536,-4.913],[-8.11,-7.339],[8.11,-7.339],[10.536,-4.913],[10.536,4.913],[8.11,7.339]],"c":true}},"nm":"Path 1","mn":"ADBE Vector Shape - Group"},{"ty":"fl","c":{"a":0,"k":[0.17,0.17,0.17,1]},"o":{"a":0,"k":100},"nm":"Fill 1","mn":"ADBE Vector Graphic - Fill"},{"ty":"tr","p":{"a":0,"k":[11.073,7.876],"ix":2},"a":{"a":0,"k":[0,0],"ix":1},"s":{"a":0,"k":[100,100],"ix":3},"r":{"a":0,"k":0,"ix":6},"o":{"a":0,"k":100,"ix":7},"sk":{"a":0,"k":0,"ix":4},"sa":{"a":0,"k":0,"ix":5},"nm":"Transform"}],"nm":"Group 5","np":2,"mn":"ADBE Vector Group"}],"ip":0,"op":152,"st":0,"bm":0,"sr":1}]}